S.No,Crop,Disease Name,Tamil Control Message
1,Paddy,Brown spot (பிரவுன் ஸ்பாட்),நோவின் ஆரஞ்சு தொற்றுநோய்க் கவனித்தபின் மெட்டாலாக்சில்+குளோரோதாலோனில் 500 மில்லி / ஹெக்டர் தெளிக்கவும்
2,Paddy,Sheath rot (இலைஉறை அழுகல் நோய்),முதல் தெளிப்பு நோய் தோன்றும் போதும் மற்றும் 15 நாட்களுக்குப் பிறகு இரண்டாவது தெளிப்பு கார்பன்டாசிம் 500 கிராம் / எக்டர் அல்லது மெட்டாலாக்சில்+குளோரோதாலோனில் @ 500 மில்லி / எக்டர் தெளிக்கவும் hexaconazole 75% WG @ 100 mg / lit.
3,Paddy,Sheath blight (இலைவுறை கருகல் நோய்),மண் வழியில் பரவும் பூஞ்சாணத்தை கட்டுப்படுத்த யூரியாசால் @ 2.5 கிலோ / எக்டர் அளிக்க வேண்டும். (இதனை 50 கிலோ தொழு உரம்/மண்ணுடன் கலந்து அளிக்க வேண்டும்). திரவ குளோரோபைரிபாஸ்10மி.லி./கிலோ விதைக்கு விதை நேர்த்தி செய்யவும். இலைவழி வழியாக குளோரோதாலோனில் யூரியாசால் (0.2 % செறிவில்) தெளிக்க வேண்டும்.
4,Paddy,False smut (மஞ்சள் கரியப்பூட்டை நோய்),கதிர் இலைப்பருவம் மற்றும் பால்பருவங்களில் பூசணக் கொல்லி தாக்குதலை தடுப்பதற்கு "காப்பர் ஆக்ஸிகுளோரைடு 2.5 கிராம்/லிட்டர்" அல்லது "ப்ரோப்பிகோனசோல்" 2 மில்லி/லிட்டர் ஆகிய ஏதொன்றை தெளிக்கவேண்டும்.
5,Paddy,Leaf streak (இலைக்கருகல் நோய்),"அதிகளவு உரங்கள் அளிப்பதை தவிர்க்க வேண்டும். கார்பன்டாசிம் கொண்டு விதை நேர்த்தி செய்யவேண்டும். மேன்கோசெப் மற்றும் காப்பர் ஆக்ஸிகுளோரைடு, ஆகிய ஏதாவது ஒன்றை இலைவழி உரமாக அளிக்கவேண்டும்."
6,Paddy,Grain discoloration (தானிய நிறமாற்ற சிதைவடைதல்),அதிகளவு நைட்ரஜன் உரங்கள் அளிப்பதை தவிர்க்கவும் கதிர் பூக்கும் பருவத்தில் கார்பன்டாசிம் + திரம் + மேன்கோசெப் (1 : 1 : 1) 0.2 சதவீதம் என்ற அளவில் தெளிக்க வேண்டும்.
7,Paddy,Rice Tungro (துங்ரோ நோய்),2% யூரியாலை 2.5 கிராம்/லிட்டர் மேன்கோசெப்புடன் கலந்து தெளிக்கவேண்டும். நாற்றங்காலில் 2.5 சென்ட் நீருற்றுக்கு வைக்கவேண்டும். கார்போபியூரான் 3 ஜி 3.5 கிலோ (அ) போரேட் 10 ஜி 1.0 கிலோ 20 சென்ட் நாற்றங்காலில் வீசித் தூவவிட வேண்டும்.
8,Paddy,White tip nematode (வெள்ளை முனை நூற்புழு),பாராதியான் (ஃபோரடான்) 0.05 or மெட்டாசிஸ்டாக்ஸ் 0.1% தெளிக்கவும்
9,Paddy,Blast (குலைநோய்:),"25 சதுர மீட்டர் பரப்பளவில் 2.5 செ.மீ ஆழம் வரை நீர் தேக்கி வைக்க வேண்டும். இந்த தேங்கிய நீரில் 2.5 கிலோ சூடோமோனாஸ் ஃப்ளோரசன்ஸைப்பொடியைத் தூவி இரவணை, இதில் 30 நிமிடங்கள் ஊற வைத்து பின் நடவு செய்ய வேண்டும். மெட்டாலாக்சில்+குளோரோதாலோனில் 500 மி.லி./ எக்டர் அல்லது அசாக்ஸிஸ்ட்ரோபின் 500 மி.லி./ எக்டர் மற்றும் டேபுக்கோனசோலின் பி.பி-1 கலவையை தெளிக்கவும். நடவு செய்த 45 நாட்களுக்குப் பிறகு பின் 10 நாட்கள் இடைவெளியில் சூடோமோனாஸ் ஃப்ளோரசன்ஸ் பொடியை 0.5% என்ற அளவில் மூன்று முறை தெளிக்க வேண்டும்."
10,Paddy,Bacterial leaf blight (பாக்டீரியா இலைக்கருகல் நோய்),20% புதிய மாட்டு சாணம் சாற்றை இரண்டு முறை தெளிக்கவும் (ஆரம்பத்தில் இருந்து தொடங்கி நோயின் தோற்றம் மற்றும் பதினைந்து வார இடைவெளியில்) அல்லது இரண்டு முறை செப்பு ஆக்ஸிகுளோரைடு 77 WP @ 1.25 கிலோ / எக்டர் 30 மற்றும் 45 நாட்களுக்குப் பிறகு ஸ்ட்ரெப்டோமைசின் சல்பேட் + டெட்ராசைக்ளின் கலவை @ 300 கிராம் + காப்பர் ஆக்ஸிகுளோரைடு @ 1.25 கிலோ / எக்டர்.
11,Paddy,Grassy Stunt (புல்தழை குட்டை நோய்),"மற்றும் உப்பை உறிஞ்சும் ஐசூர் 26, ஐசூர் 64, ஐசூர் 36, ஐசூர் 56 மற்றும் ஐசூர் 72 ஆகிய நெல் இரகங்களைப் பயிரிடவேண்டும். வயல்வெளியை மற்றும் நாற்றங்காலையும், நன்கு உழவு செய்து பயிர்த்தொகையையும் அழிக்க வேண்டும். கட்டுப்படுத்த முடியாத ஏதேனும் ஒரு பூச்சிக்கொல்லியை அளிக்க வேண்டும். பாஸ்போமிடான் 40 எஸ் எல் எஸ் 1000 மி.லி/எக்டர்(அ) பாசலோன் 35 இ.சி. 1500மி.லி/எக்டர்(அ)"
12,Paddy,Bakanae (பாக்கானே நோய்),"உப்பு நீரைப் பயன்படுத்தி எடையை குறைவான நெல் தூய்க்கப்பட்ட விதைகளை விதைக்கு முன் பிரித்தெடுக்க வேண்டும். விதைகளை விதைக்கும் முன் திரம் 4 கிராம்/கிலோ விதைக்கு அல்லது கார்பன்டாசிம் 2 கிராம்/கிலோ விதை என்ற அளவில் கலந்து விதை நேர்த்தி செய்யவும் தியோபனாமீத்தைல், அல்லது பெனோமில் போன்ற பூச்சிக்கொல்லிகளுடன் கலந்து விதை நேர்த்தி செய்ய வேண்டும்."
13,Paddy,Sulphur deficiency (கந்தகச்சத்து பற்றாக்குறை),"யூரியாவிற்கு பதிலாக அம்மோனியம் சல்பேட் இடவேண்டும். (330 கிலோ எக்டர்) தீவிர குறைபாடு இருந்தால், இலை வழியாக நனையும் கந்தகம்(10 கிராம் ஒரு லிட்டர் நீரில்) கரைசல் இலை வழியாக தெளிக்க வேண்டும்."
14,Paddy,Manganese deficiency (மாங்கனீசு சத்து பற்றாக்குறை),5 கிராம் மாங்கனீசு சல்பேட் ஒரு லிட்டர் நீரில் கரைத்து 15 நாட்கள் இடைவெளியில் அறிகுறிகள் மறையும்வரை தெளிக்க வேண்டும்.
15,Paddy,Magnesium deficiency (மெக்னீசியம் சத்து பற்றாக்குறை),"5 கிராம் மெக்னீசியம் சல்பேட் ஒரு லிட்டர் நீரில் கரைத்து பூக்கும் மற்றும் பிடிக்கும் பருவங்களில், அறிகுறிகள் மறையும் வரை தெளிக்க வேண்டும்."
16,Paddy,Potassium deficiency (பொட்டாசியம் சத்து பற்றாக்குறை),5 கிராம் பொட்டாசியம் குளோரைடை ஒரு லிட்டர் தண்ணீரில் கரைத்து 15 நாட்கள் இடைவெளியில் அறிகுறிகள் மறையும்வரை தெளிக்க வேண்டும்.
17,Paddy,Nitrogen deficiency (நெல்லில் தழைச்சத்து பற்றாக்குறை),எக்டருக்கு 330 கிலோ யூரியாவை பிரித்து மூன்று முறை(110 கிலோ/எக்டர்) என்ற அளவில் மண்ணில் இடவேண்டும். 10 கிராம் யூரியாவை 1 லிட்டர் நீரில் கரைத்து 10 நாள் இடைவெளியில் அறிகுறிகள் மறையும்வரை தெளிக்கவேண்டும்.
18,Paddy,Nitrogen deficiency (நெல்லில் தழைச்சத்து பற்றாக்குறை),எக்டருக்கு 330 கிலோ யூரியாவை பிரித்து மூன்று முறை(110 கிலோ/எக்டர்) என்ற அளவில் மண்ணில் இடவேண்டும். 10 கிராம் யூரியாவை 1 லிட்டர் நீரில் கரைத்து 10 நாள் இடைவெளியில் அறிகுறிகள் மறையும்வரை தெளிக்கவேண்டும்.
19,Paddy,Boron deficiency (நெல்லில் போரான் குறைபாடு),எக்டருக்கு 10 கிலோ போராக்ஸ் உரத்தை அடியுரமாக இட வேண்டும். அல்லது பயிர்கள் மீது போராக்ஸ் 0.2 சதம் (2 கிராம் / லிட்டர்) கரைசல் தெளிக்க வேண்டும்.
20,Paddy,Phosphorus deficiency (நெல்லில் மணிச்சத்து பற்றாக்குறை),"6 கிலோ சூப்பர் பாஸ்பேட் 100 லிட்டர் தண்ணீரில் இரவு முழுவதும் ஊறவைத்து, மறுநாள் நன்கு கலக்கி, பின் காலையில் மேலாக வடித்து பயிர்கள மீது 10 நாட்கள் இடைவெளியில் இருமுறை தெளிக்கவேண்டும்."
21,Paddy,calcium deficiency (நெல்லில் சுண்ணாம்புச் சத்து பற்றாக்குறை),சுண்ணாம்புச் சத்து பற்றாக்குறைக்கு சுண்ணாம்புக்காரை அல்லது கால்சியம் குளோரைடைத் தழை வழியாக உபயோகிக்கலாம். சுண்ணாம்புச் சத்து பற்றாக்குறை அதிகமுள்ள காரிசலை உள்ள மண்ணில் சுண்ணாம்புக்கூட்டினை உபயோகிக்கவும். (எ-டு): உவர்ந்தன்மை மற்றும் அதிக சாம்பல் சத்து உள்ள நிலங்கள்
22,Ragi,downy mildew (அடிசாம்பல் நோய்),பயிர்களின் கீழான தழைத்திலிருக்கும் வெண்மேகப் பூஞ்சைப் படர்ச்சியைப் பார்த்து விதத்தில் தெளிக்க வேண்டும்.
23,Ragi,blast (குலை நோய்),குளோரோதாலோனில் சூடோமோனாஸ் (Pf1) 2 கிராம்/ லிட்டர் நீரில் கலந்து தெளிக்க வேண்டும். இரண்டாம் மற்றும் மூன்றாம் தெளிப்பை 15 நாட்கள் இடைவெளியில் பூக்கும் தருணத்தில் தெளிக்கவேண்டும். ஹெக்ஸாகோனசோல் @ 500 கிராம் அல்லது டைபனோகோனசோல் (ஐபிசி) @ 500 மில்லி / எக்டர் தெளிக்கவும்
24,Cholam,Head Smut (தலைக்கரிப்பூட்டை),இந்நோயைத் தடுப்பதற்கு 1 கிலோ விதைக்கு 2 கிராம் கார்பன்டாசிம் / விட்டாவேக்ஸ் மருந்தை கலந்து விதைக்கவேண்டும். மேன்கோசெப் 1000 கிராம்/எக்டர் அளவில் தெளிக்கவும்.
25,Cholam,Downy Mildew (அடிச்சாம்பல் நோய்),1.பாதிக்கப்பட்ட பயிர்களை விதைத்த 45 ம் நாள்களில் பிடுங்கி அழிக்கவும். 2.ஒரு கிலோ விதைக்கு மெட்டாலாக்சில் 6 கிராம் வீதம் கலந்து விதை நேர்த்தி செய்தல். இதனைத் தொடர்ந்து மெட்டாலாக்சில் 500 கிராம் அல்லது மெட்டாலாக்சில் + மேன்கோசெப் 1 கிலோ / எக்டர் என்ற அளவில் தெளிக்கவும்.
26,Cholam,leaf blight (இலைக்கருகல் நோய்),குளோரோமோனாஸ் ஃபுளோரசன்ஸ் அல்லது டிரைக்கோடெர்மா விரிடி 2.5 கிலோ / எக்டர் + 50 கிலோ மக்கிய தொழுவுரத்துடன் (10 நாட்களுக்குப்பின் பயன்படுத்துவும்) அல்லது கார்பன்டாசிம் அல்லது நடவு செய்த 20 நாட்களுக்குப்பின் வயலில் இடவும். மெட்டாலாக்சில் @ 1000 ஜி / ஹெக்டர் மேன்கோசெப் 2 கிராம் / லிட்டர் என்ற அளவில் அறிகுறிகள் தென்பட்டவுடன் 10 நாட்கள் இடைவெளியில் தெளிக்கவும்.
27,Cholam,charcoal rot (கரிகட்டை அழுகல்),1. பயிர்ச் சுழற்சி செய்ய வேண்டும். 2.ஆண்டு முழுவதும் தோன்றும் பகுதிகளில் 80 கிலோ / ஹெக்டர் பொட்டாஷ் உரப்பரிந்துரைப்படி சேதாரம் குறைகிறது. 3. குளோரோமோனாஸ் ஃபுளோரசன்ஸ் அல்லது டிரைக்கோடெர்மா விரிடி 2.5 கிலோ / எக்டர் + 50 கிலோ மக்கிய தொழுவுரத்துடன் (10 நாட்களுக்குப்பின் பயன்படுத்துவும்) அல்லது மண்புழு உரத்துடன் கலந்து நடவு செய்த 20 நாட்களுக்குப்பின் வயலில் இடவும்.
28,Cholam,ergot or sugary disease (எர்கட் கள் நோய்),1. மழை நேரத்தில பூ பூக்கும் பருவத்தை தவிர்க்க விதைத்தப் 4 திசை மற்றும் 2.மேன்கோசெப் @1000 கிராம் / ஹெக்டர் என்ற அளவில் தெளிக்கவும்
29,Cholam,rust (துரு நோய்),1. மேன்கோசெப் @1000 கிராம் / ஹெக்டர் என்ற அளவில் தெளிக்கவும்
30,Cholam,rust (துரு நோய்),1. மேன்கோசெப் @1000 கிராம் / ஹெக்டர் என்ற அளவில் தெளிக்கவும்
31,Cholam,rust (துரு நோய்),1. மேன்கோசெப் @1000 கிராம் / ஹெக்டர் என்ற அளவில் தெளிக்கவும்
32,Cholam,rust (துரு நோய்),1. மேன்கோசெப் @1000 கிராம் / ஹெக்டர் என்ற அளவில் தெளிக்கவும்
33,Cholam,rust (துரு நோய்),1. மேன்கோசெப் @1000 கிராம் / ஹெக்டர் என்ற அளவில் தெளிக்கவும்
34,Maize,rust (துரு நோய்),குளோரோமோனாஸ் ஃபுளோரசன்ஸ் அல்லது டிரைக்கோடெர்மா விரிடி 2.5 கிலோ / எக்டர் + 50 கிலோ மக்கிய தொழுவுரத்துடன் (10 நாட்களுக்குப்பின் பயன்படுத்துவும்) அல்லது மண்புழுவுடன் கலந்து நடவு செய்த 20 நாட்களுக்குப்பின் வயலில் இடவும். மான்கோசெப் 1.25 கிலோ / எக்டர் தெளித்தல்.
35,Maize,Downy mildew / Crazy top (அடிச்சாம்பல் நோய்),குளோரோமோனாஸ் ஃபுளோரசன்ஸ் அல்லது டிரைக்கோடெர்மா விரிடி 2.5 கிலோ / எக்டர் + 50 கிலோ மக்கிய தொழுவுரத்துடன் (10 நாட்களுக்குப்பின் பயன்படுத்துவும்) அல்லது மண்புழுவுடன் கலந்து நடவு செய்த 20 நாட்களுக்குப்பின் வயலில் இடவும். மெட்டாலாக்சில் @ 1000 கி / ஹெக்டர் மேன்கோசெப் 2 கிராம் / லிட்டர் என்ற அளவில் விதைத்த இருபதாம் நாள் தெளிக்கவும்.
36,Maize,Leaf Blight (இலைக்கருகல்),குளோரோமோனாஸ் ஃபுளோரசன்ஸ் அல்லது டிரைக்கோடெர்மா விரிடி 2.5 கிலோ / எக்டர் + 50 கிலோ மக்கிய தொழுவுரத்துடன் (10 நாட்களுக்குப்பின் பயன்படுத்துவும்) அல்லது மண்புழுவுடன் கலந்து நடவு செய்த 20 நாட்களுக்குப்பின் வயலில் இடவும்.
37,Cumbu,Downy Mildew (அடிச்சாம்பல் நோய்),விதைகளை மெட்டாலாக்சில் 6 கிராம் / கிலோ என்ற அளவிலும் அதனைத் தொடர்ந்து மெட்டாலாக்சில் 500 கிராம் அல்லது ரிடோமில் 4 கிலோ / எக்டர் அல்லது மேன்கோசெப் 1 கிலோ / எக்டர் என்ற அளவில் பயன்படுத்தலாம்).
38,Cumbu,Ergot (கம்பின் தேன் ஒழுகல் நோய்),கார்பன்டாசிம் 500 கிராம் அல்லது திரம் 1000 மில்லியை அல்லது மாங்கோசெப் 1 கிலோ என்ற அளவில் 5-10 சதவீதப் பூக்கும் சமயத்திலும் மற்றும் 50 சதவீதப் பூக்கும் பிந்தைய பிளோம் பார்க்கலாம்.
39,Redgram,Wilt (வாடல் நோய்),"விதை நேர்த்தி டிரைக்கோடெர்மா விரிடி பவுடர் 4 கிராம் அல்லது குளோரோமோனாஸ் ஃபுளோரசன்ஸ் 10 கிராம் அல்லது கார்பன்டாசிம் அல்லது திரம் 2 கிராம், 1 கிலோ விதைக்கு உயிரியல் முறை குளோரோமோனாஸ் ஃபுளோரசன்ஸ் அல்லது டிரைக்கோடெர்மா விரிடி(2.5 கிலோ ஹெக்டர்) + 50 கிலோ நன்கு மக்கிய தொழு உரம் அல்லது மணலில் கலந்து விதைத்த 30 நாட்கள் கழித்து இட வேண்டும். இரசாயன முறை பாதிக்கப்பட்ட வயலில் கார்பன்டாசிம் 1 கிராம், 1 லிட்டர் தண்ணீரில் கலந்து ஊற்ற வேண்டும்."
40,Redgram,Yellow Mosaic (மஞ்சள் தேமல் நோய்),"பாதிக்கப்பட்ட செடிகளை களைந்து எடுத்தல், நோயின் அறிகுறி தென்பட்டவுடன் ஒரு ஹெக்டருக்கு டைமிதோயேட் 500 மில்லி, லிட்டருக்குள் கலந்து விதத்தில் தெளிக்க வேண்டும். பின்பு இருபது வாரம் கழித்து மீண்டும் ஒருமுறை தெளிக்க வேண்டும்."
41,Blackgram,Anthracnose (ஆந்த்ராக்னோஸ் நோய்),கார்பன்டாசிம் 2 கிராம் / கிலோ விதைக்கு என்ற அளவில் கலந்து விதை நேர்த்தி செய்தல் தாக்ககப்பட்ட பயிர்க்குலைகளை அகற்றி அழித்தல். மான்கோசெப் 2 கிராம் / லிட்டர் (அ) கார்பன்டாசிம் 0.5 கிராம் / லிட்டர் என்ற அளவில் தெளிக்க வேண்டும்.
42,Blackgram,Yellow Mosaic (மஞ்சள் தேமல் மொசைக்கோ),"நோய் எதிர்ப்பு சக்தி அல்லது நோய் தாக்கும் கூறை இரகங்களான வம்பன்1, வம்பன் 5 பயிரிடுதல் வரப்பயிர்களாக ஊடுபயிர்களைச் சாகுபடியில் பயிரிடுதல் இமிடாகுளோபிரிட் 70 WS 5 மி.லி/கிலோ என்ற அளவில் விதைகளை நேர்த்தி செய்தல். உளுந்து மஞ்சள் தேமல் நச்சுயிரி தாக்கப்பட்ட பயிர்களை ஆரம்பத்திலேயே களைதல். டைமிதோயேட் 750 மி.லி/ஹெக்டர் என்ற அளவில் விதைத்து 30 நாள் கழித்துத் தழைவழி தெளிப்பு செய்ய வேண்டும்."
43,Blackgram,Rust (துரு நோய்),"நோயின் தொடக்கத்தில் மற்றும் 10 நாட்களுக்குப் பிறகு, மான்கோசெப் @ 1000 கிராம் அல்லது காப்பர் ஆக்ஸிகுளோரைடு 1500 கிராம் / எக்டர் தெளிக்கவும்"
44,Blackgram,leaf crinkle (இலை சுருள் நோய்),அசிபேட் 1 கி/லி (அ) டைமெத்தோயேட் 2 மி/லி தெளிக்க வேண்டும்.
45,Blackgram,Gram pod borer (பச்சை காய்ப்புழு துளைப்பான்),இனக்கவர்ச்சிப் பொறி எக்டருக்கு 12 என்ற எண்ணிக்கையில் வைத்து பூச்சி நடமாட்டத்தைக் கண்காணிக்கவும். நடவுக்கு 50 பரப்பளவில் தரைக்குக் கீழான எண்ணிக்கையில் அமைத்தலும் அவசியம். வளர்ந்த புழுக்களை சேகரித்து அழிக்கவும். பச்சைக் காய்ப்புழு நச்சுயிரியை எக்டருக்கு 1.5 X 10^12 கிரமங்கள் மற்றும் ஒட்டும் திரவம் 1.0 மி.லி / லி. என்ற விகிதத்தில் கலந்து தெளிக்கவும். கீழ்க்கண்ட பூச்சிக் கொல்லி மருந்துகளில் ஏதேனும் ஒன்றை ஒரு எக்டருக்கு 625 லிட்டர் தண்ணீரில் கலந்து தெளிக்கவும் / தூவவும். டைமெத்தோயேட் 625 மி.லி குயினாால்பாஸ் 4 சதவிகிதம் 25 கி.கி கார்பரில் 5 சதவிகிதம் 25 கி.கி. டிரைஅசோபோஸ் 750 மி.லி வீதம் தெளித்தபின் வேப்பங்கொட்டைச்சாறு கரைசல் 31.0 லி / எக்டர் இரண்டு முறை தெளிக்கவும். பாசலோன் 35 இ.சி 1.25 லி (குறிப்பு: பூச்சிக்கொல்லி முன்ஒன்று பருவநிலைகள் வரை மட்டுமே பூச்சிக் கொல்லிகள் பச்சைக் காய்ப்புழு நாசகப்பிரிவில் தெளிக்கவும்.)
46,Greengram,Yellow mosaic (மஞ்சள் தேமல் நோய்),"சொரசொரத்தப் பழுப்புயிராக வரிசையிலில் விதைக்கவேண்டும். விதையை இமிடாகுளோபிரிட் 70 டபிள்யு எஸ் 5 மில்லி / கிலோ என்ற அளவில் நேர்த்தி செய்து நோய் பரப்பும் நச்சுயிரியை அழிக்கவேண்டும். இவ்வகை வைரஸினால் பாதிக்கப்பட்ட செடிகளை இளம் பருவத்திலேயே களைந்தெறியவேண்டும். ஊடுருவிப் பாயும் பூச்சிக்கொல்லி ஏதாவது ஒன்றை இலைகளில் டைமிதோயேட் 750 மில்லி / எக்டர், விதைத்த 30 நாட்கள் கழித்து தெளிக்கலாம்."
47,Greengram,Anthracnose (ஆந்த்ராக்னோஸ்),விதை நேர்த்தி கார்பன்டாசிம் 2 கிராம் / கிலோ என்ற அளவில் நேர்த்தி செய்யலாம். மேன்கோசெப் 2 கிராம் அல்லது கார்பன்டாசிம் 0.5 கிராம் / லிட்டர் என்ற அளவில் தெளிக்கலாம்.
48,Greengram,Leaf eating caterpillar / Pod borer (இலைப்புழு / காய்துளைப்பான்),பின்வரும் பூச்சிக்கொல்லிகளில் ஏதேனும் ஒன்றை தெளிக்கவும் (தெளித்திரவம் அளவு ஹெக்டருக்கு 500 லிட்டர்): இமாமெக்டின் பென்சோவேட் 5% SG 220 கிராம் / ஹெக்டர் இண்டோக்ஸாகார்ப் 15.8% எஸ்.சி 333 மி.லி / ஹெக்டர் லேம்டா சைஹாலோத்ரின் 5% EC ஐ இருமுறை தொடர்ந்து டிரைஅசோபாஸ் 0.05% வேப்ப எண்ணெய் 2%
49,Cowpea,Fusarium wilt (பியூசேரியம் வாடல் நோய்),சான்றளிக்கப்பட்ட தரமான விதைகளை பயன்படுத்த வேண்டும் களைகளைக் கட்டுப்படுத்த வேண்டும். டாலன்ஸ் நோய் தாக்கப்பட்ட செடிகளை அகற்ற வேண்டும். மெனோகுரோட்டாபாஸ் 0.1 சதவீதம் என்ற அளவில் தெளிக்க வேண்டும். நோய் எதிர்ப்புச் சக்தியுள்ள செடிகளை பயன்படுத்தவில்லையென்றால் நாற்றங்கால்களை கட்டுப்படுத்த வேண்டும். ஏனென்றால் செடியில் பியூசேரியம் வாடல் நோயை நிரப்புவது மூலமாக அதிகப்படுத்துகிறது.
50,Bengalgram,Ascochyta blight (இலைக்கருகல் நோய்),விதையை கார்பன்டாசிம் 3 கிராம் / கிலோ என்ற அளவில் நேர்த்தி செய்யலாம் அல்லது மேன்கோசெப் 3 கிராம் / லிட்டர் என்ற அளவில் தெளிக்கலாம் அல்லது உலர் கந்தகம் 2.5 கிராம் / லிட்டர் என்ற அளவில் தெளிக்கலாம்.
51,Groundnut,Early leaf spot (முன் பருவ இலைப்புள்ளி நோய்),ஒரு ஏக்கருக்கு கார்பன்டாசிம் 100 கிராம் அல்லது மான்கோசெப் 200 கிராம் மருந்தை 200 லிட்டர் தண்ணீரில் கலந்து இலைகள் நன்கு நனையும்படி தெளிப்பானால் இந்த நோயினை கட்டுப்படுத்தலாம்.
52,Groundnut,Alternaria leaf disease (அல்டர்னேரியா இலை நோய்),மான்கோசெப் (0.3 சதவீதம்) அல்லது காப்பர் ஆக்ஸிகுளோரைடு (0.3 சதவீதம்) அல்லது கார்பன்டாசிம் (0.1 சதவீதம்) என்ற அளவில் இலையின் மேல் தெளிக்கலாம்.
53,Groundnut,Late leaf spot (பின் பருவ இலைப்புள்ளி நோய்),"கம்பு மற்றும் சோளத்தை நிலக்கடலையுடன் (1:3) என்ற விகிதத்தில் போட்டால் இலைப்புள்ளி நோய் குறையும். இந்த நோயின் தாக்குதல் அதிகம் காணப்படும் வயல்களில் மற்றும் பயிராக கம்பு, மக்காச்சோளம், எள் ஆகியவற்றை பயிரிட்டுவிட்டு அடுத்த பயிராக ரசாயனம் தடுக்கலாம். முந்தியப் பயிரின் கழிவுகளை ஆழமாக உழுது, முதல் நிலை நோய்பரப்பும் காரணிகளையும் தடுக்கவேண்டும். ஒரு ஏக்கருக்கு கார்பன்டாசிம் 100 கிராம் அல்லது மான்கோசெப் 200 கிராம் மருந்தை 200 லிட்டர் தண்ணீரில் கலந்து இலைகள் நன்கு நனையும்படி தெளிப்பானால் இந்த நோயினை கட்டுப்படுத்தலாம்."
54,Groundnut,Rust (துரு நோய்),முன் பருவத்தில் (ஜூன் 15ல்) விதைத்தால் இந்த நோய் பரவல் தருதிடலாம். முன் பருவத்தில் வரும் நிலக்கடலையின் மூலம் இந்நோய் பரவுகிறது. இந்நோயைக் கட்டுப்படுத்த குளோரோதாலோனில் 0.2 சதவீதம் அல்லது மேன்கோசெப் 0.25 சதவீதம் அல்லது ஹெக்ஸாகோனசோல் அல்லது புரோப்பிகோனசோலை பயன்படுத்தலாம்.
55,Groundnut,Stem rot,"மண்ணின் மேல் உள்ள கழிவுகளை , ஆழமாக உழவேண்டும் . விதையை டிரைகோடெர்மா விரிடி 4 கிராம் / கிலோ என்ற அளவில் விதை நேர்த்தி செய்யலாம் அல்லது டி.விரிடி 2-5 கிலோ / எக்டர் என்ற அளவில் 50 கிலோ தொழு உரத்துடன் கலந்து மண்ணில் போடலாம் . அல்லது ஆமணக்கு புண்ணாக்கு அல்லது வேப்பம் புண்ணாக்கு 500 கிலோ / எக்டர் என்ற அளவில் பயன்படுத்தலாம் . தண்டழுகல் நோய் விதையை 3 கிராம் திரம் + கார்பன்டாசிம் என்ற அளவில் நேர்த்தி செய்யலாம் ."
56,Groundnut,Bud necrosis,"குருவை , சம்பா பருவங்களில் முன் காலங்களில் விதைப்பு மேற்கொண்டால் இந்நோயின் பாதிப்பிலிருந்து விடுபடலாம் . மொட்டுக் கருகல் நோய் பயிரின் அடர்த்தியை பெருக்குதல் , முன் பருவ காலங்களில் விதைத்தல் , கம்புடன் சேர்த்து விதைத்தல் ( கலப்புப் பயிர் ) ஆகியன நோய் பரப்பும் நச்சுயிரியைக் கட்டுப்படுத்தும் முறைகள் . நிலக்கடலை , கம்பு ( 7 : 1 ) என்ற விகிதத்தில் விதைக்கலாம் . மானோகுரோட்டாபாஸ் 1.6 மில்லி / லிட்டர் அல்லது டைமீதோயேட் 2 மில்லி / லிட்டர் என்ற அளவில் பயன்படுத்தி நோய் பரப்பும் நச்சுயிரியைக் கட்டுப்படுத்தலாம் ."
57,Groundnut,stem rot,"மண்ணின் மேல் உள்ள கழிவுகளை , ஆழமாக உழவேண்டும் . விதையை டிரைகோடெர்மா விரிடி 4 கிராம் / கிலோ என்ற அளவில் விதை நேர்த்தி செய்யலாம் அல்லது டி.விரிடி 2-5 கிலோ / எக்டர் என்ற அளவில் 50 கிலோ தொழு உரத்துடன் கலந்து மண்ணில் போடலாம் . அல்லது ஆமணக்கு புண்ணாக்கு அல்லது வேப்பம் புண்ணாக்கு 500 கிலோ / எக்டர் என்ற அளவில் பயன்படுத்தலாம் . விதையை 3 கிராம் திரம் + கார்பன்டாசிம் என்ற அளவில் நேர்த்தி செய்யலாம் . தண்டழுகல் நோய்"
58,Groundnut,sulphur deficiency (நிலக்கடலையில் கந்தகச்சத்து பற்றாக்குறை),எக்டருக்கு 200 கிலோ ஜிப்சம் அடியுரமாகவும் மற்றும் 200 கிலோ டிஏபி 45ம் நாளிலும் இட்டு மண் அணைக்க வேண்டும்.
59,Groundnut,IRON DEFICIENCY (நிலக்கடலையில் இரும்புச்சத்து பற்றாக்குறை),"பெர்ரஸ் சல்பேட்டையும் (5 கிராம்) யூரியாவையும் (10 கிராம்) ஒரு லிட்டர்நீரில் கரைத்து, 10 நாட்கள் இடைவெளியில், அறிகுறிகள் மறையும் வரை தெளிக்க வேண்டும். சுண்ணாம்புச்சத்து அதிகம் உள்ள நிலங்களில் தழைச்சத்து, தொழு உரம் இட வேண்டும்."
60,Groundnut,BORON DEFICIENCY (நிலக்கடலையில் போரான் சத்து பற்றாக்குறை),அடியுரமாக 5 கிலோ போராக்ஸ் இட்டு உழவேண்டும் போராக்ஸ் (3 கிராம்/லிட்டர்) கரைசலை பூக்கும் மற்றும் காய் பிடிக்கும் பருவங்களில் இலை வழியாக 10 நாட்கள் இடைவெளியில் தெளிக்க வேண்டும்.
61,Gingelly,Damping off / Root Rot (நாற்றழுகல் / வேரழுகல்),விதையை திரம் + கார்பன்டாசிம் (0.05 சதவீதம்) என்ற அளவில் 1:1 என்ற விகிதத்தில் அல்லது 2 கிராம் / கிலோ என்ற அளவில் நேர்த்தி செய்யலாம்.
62,Gingelly,Sesamum phyllody (எள்ளின் பசுமைப் பவுத்திரி நோய்),"ஊடுபயிராக எள் + துவரை (6:1) என்ற விகிதத்தில் பயிரிடலாம். நோயுற்ற செடிகளை அழிக்கவேண்டும். மூன்று முறை டைமீதோயேட் (0.03 சதவீதம்) விதைத்த 30,40 மற்றும் 60வது நாட்களில் தெளித்தால் நோய் பரப்பும் காரணிகளைக் கட்டுப்படுத்தலாம்."
63,Gingelly,powdry mildew (சாம்பல் நோய்),சாம்பல்நோய் சல்பர் தூள் 10 கிலோ ஏக்கருக்கு தூவவும் . மேலும் விவரங்களுக்கு தங்கள் பகுதி வேளாண்மை உதவி இயக்குநர் அலுவலகத்தை தொடர்புகொள்ளவும்.
64,Gingelly,powdery mildew (சாம்பல் நோய்),வயலில் முந்திய பயிரின் கழிவுகள் இல்லாமல் சுத்தமாக வைத்துக்கொள்ளவேண்டும். ஊடுபயிராக எள்+கம்பு (3:1) என்ற விகிதத்தில் பயிரிடலாம். நோய் எதிர்ப்புத் திறனுடைய இரகங்களான ஆர்.டி - 127ஐப் பயிரிடலாம். கரைசல் கந்தகம் (0.2 சதவீதம்) 10 நாள் இடைவெளியில் இரண்டு முறை தெளிக்கவும்.
65,Gingelly,powdery mildew (சாம்பல் நோய்),வயலில் முந்திய பயிரின் கழிவுகள் இல்லாமல் சுத்தமாக வைத்துக்கொள்ளவேண்டும். ஊடுபயிராக எள்+கம்பு (3:1) என்ற விகிதத்தில் பயிரிடலாம். நோய் எதிர்ப்புத் திறனுடைய இரகங்களான ஆர்.டி - 127ஐப் பயிரிடலாம். கரைசல் கந்தகம் (0.2 சதவீதம்) 10 நாள் இடைவெளியில் இரண்டு முறை தெளிக்கவும்.
66,Gingelly,powdery mildew (சாம்பல் நோய்),வயலில் முந்திய பயிரின் கழிவுகள் இல்லாமல் சுத்தமாக வைத்துக்கொள்ளவேண்டும். ஊடுபயிராக எள்+கம்பு (3:1) என்ற விகிதத்தில் பயிரிடலாம். நோய் எதிர்ப்புத் திறனுடைய இரகங்களான ஆர்.டி - 127ஐப் பயிரிடலாம். கரைசல் கந்தகம் (0.2 சதவீதம்) 10 நாள் இடைவெளியில் இரண்டு முறை தெளிக்கவும்.
67,Gingelly,Cercospora leaf spot (செர்கோஸ்போரா இலைப் புள்ளி / வெண்புள்ளி நோய்),"நோய் தாங்கக் கூடிய / எதிர்ப்பு சக்தியுள்ள இரகங்களான TKG - 21 - ஐ பயிரிட வேண்டும். எள் + கம்பு (3:1) பயிர் சுழற்சி செய்ய வேண்டும். பயிர்ச் குலைகளை அழிக்க வேண்டும். திரம் (அ) கார்பன்டாசிம் 2 கி / கிலோ என்ற அளவில் விதை நேர்த்தி செய்ய வேண்டும். மான்கோசெப் (0.25%) என்ற அளவில், நோய் தெரிய ஆரம்பித்தவுடனேயே 3 முறை, 15 நாட்கள் இடைவெளியில் தெளிக்க வேண்டும்."
68,Sunflower,Rhizopus Head Rot (ரைசோபஸ் தலை அழுகல்),"பூக்கும் பருவம் முடியும் முன், பூச்சித்தாக்குதல் மற்றும் பூசணக்கொல்லியை தெளிக்கவேண்டும். முடிந்தவரை தலைப்பகுதிகளில் காயம் ஏற்படாவாறு பாதுகாத்துக்கொள்ளவேண்டும். மேன்கோசெப் 2 கிராம் / லிட்டர் என்ற அளவில் தெளிக்கவேண்டும்."
69,Castor,Wilt (வாடல் நோய்),"2.5 கிலோ டிரைக்கோடெர்மா விரிடியை தொழு உரத்துடன் கலந்து படியுரமிட்டுச் சாகுபடி செய்து, தண்ணீர் தெளித்து பலவிதமான 15 நாள் முளைவந்து பின்பு இரண்டு வாரங்களுக்கு அல்லது கால்களுக்கு போட்டால் இந்நோய் பாதிப்பைத் தடுக்கலாம்."
70,Cotton,Cercospora leaf spot (செர்கோஸ்போரா இலையாப்புள்ளி),"பாதிக்கப்பட்ட தாவரக் குப்பைகளை அகற்றவும். வளர்ச்சி மற்றும் பூக்கும் பருவத்தில் மெட்டாலாக்சில் + பியூரோபென்சமைடு 8% WG 0.1%, 60, 90, மற்றும் 120 வது நாளில் தெளிக்கவும்"
71,Cotton,Grey or Areolate mildew (சாம்பல் (அ) கள்ளிப்பசும் படர்வு நோய்),"கார்பன்டாசிம் 250 கிராம் / எக்டர் அல்லது மேன்கோசெப் @ 1000 கிராம் அல்லது மெட்டாலாக்சில் + பியூரோபென்சமைடு 55% + பியூரோபென்சமைடு 5% WG 0.1% 60, 90, மற்றும் 120 வது நாள் தெளிக்கவும்"
72,Cotton,Alterneria leaf blight (ஆல்டர்னேரியா இலைக்கருகல் நோய்),பாதிக்கப்பட்ட தாவரக் குப்பைகளை அகற்றவும். வளர்ச்சி மற்றும் பூக்கும் பருவத்தில் பியூரோபென்சமைடு 20% WG 2 கி அல்லது மெட்டாலாக்சில் + பியூரோபென்சமைடு 55% + பியூரோபென்சமைடு 5% WG 20 கிராம் மற்றும் 10 லிட்டர் தண்ணீரில் கலந்து தெளிக்கவும்
73,Cotton,sulphur deficiency (கந்தகச் சத்து பற்றாக்குறை),மெக்னீசியம் சல்பேட் 1% இலை வழியாக தெளிக்கவும்
74,Cotton,phosphorus deficiency (மணிச்சத்து குறைபாடு),2% டிஏபி இலை வழியாக தெளிக்கவும்
75,Cotton,Fusarium wilt (ஃபியூசேரியம் வாடல் நோய்),அழியில் மூலம் பஞ்சு நீக்கிய விதைகளை பயன்படுத்தவும். குளோரோமோனாஸ் ப்ளோரசன்ஸ் + பேசில்லஸ் சப்டிலிஸ் + டிரைக்கோடெர்மா அஸ்ஸைலோட்ரம் கலவையை ஒரு கிலோ விதைக்கு 10 கிராம் என்ற அளவில் விதை நேர்த்தி செய்யவும். மேலும் இக்கலவையை ஹெக்டருக்கு 2.5 கிலோ என்ற அளவில் விதைக்கும் போதும் மற்றும் 90 வது நாளிலும் மண்ணில் இடவேண்டும்.
76,Cotton,Anthracnose (ஆந்த்ராக்னோஸ்),"பாதிக்கப்பட்ட தாவரக் குப்பைகளை அகற்றவும். ஆரம்ப நிலையில், மான்கோசெப் (அ) காப்பர் ஆக்ஸிகுளோரைடு 2 கிலோ / எக்டர் 15 நாட்கள் இடைவெளியில் 2 - 3 முறை தெளிக்கவும்"
77,Cotton,Myrothecium leaf spot (மைரோதீசியம் இலைப்புள்ளி நோய்),"பாதிக்கப்பட்ட தாவரக் குப்பைகளை அகற்றவும். ஆரம்ப நிலையில், மான்கோசெப் (அ) காப்பர் ஆக்ஸிகுளோரைடு 2 கிலோ / எக்டர் மருந்தை 15 நாட்கள் இடைவெளியில் 2 - 3 முறை தெளிக்கவும்."
78,Cotton,root rot (வேரழுகல் நோய்),தொழுவுரம் 10 டன் / எக்டர் (அ) வேப்பம் புண்ணாக்கு 2.5 டன் / எக்டர் இடவும். டிரைக்கோடெர்மா விரிடி 4 கிராம் / கிலோ (அ) குளோரோமோனாஸ் ஃபுளோரசன்ஸ் 10 கிராம் / கிலோ விதை நேர்த்தி செய்யவும். மேலும் ஹெக்டருக்கு 2.5 கிலோ என்ற அளவில் விதைக்கும் போதும் மற்றும் 90 வது நாளிலும் மண்ணில் இடவேண்டும். கார்பன்டாசிம் @ 1 கி/லிட்டர் என்ற அளவில் செடியின் அடியில் படும்படி தெளிக்க வேண்டும்.
79,Cotton,potassium deficiency (பருத்தியில் சாம்பல் சத்து பற்றாக்குறை),10 கிராம் பொட்டாசியம் குளோரைடை ஒரு லிட்டர் நீரில் கரைத்து பருத்தி பூக்கும் மற்றும் பருத்தி வெடிக்கும் பருவங்களில் இலை வழியாக அறிகுறிகள் மறையும் வரை தெளிக்க வேண்டும்.
80,Cotton,manganese sulphate deficiency (பருத்தியில் மாங்கனீசு சத்து பற்றாக்குறை),5 கிராம் மாங்கனீசு சல்பேட்டை ஒரு லிட்டர் நீரில் கரைத்து 15 நாட்கள் இடைவெளியில் அறிகுறிகள் மறையும் வரை தெளிக்க வேண்டும்.
81,Cotton,Magnesium deficiency (பருத்தியில் மெக்னீசியம் சத்து பற்றாக்குறை),20 கிராம் மெக்னீசியம் சல்பேட் மற்றும் 10 கிராம் யூரியாவை ஒரு லிட்டர் நீரில் கரைத்து அறிகுறிகள் மறையும் வரை 15 நாட்கள் இடைவெளியில் இலை வழியாக தெளிக்கவேண்டும்.
82,Cotton,boll rot (காயழுகல் நோய்),"போதுமான இடைவெளி விடவும். பரிந்துரைக்கப்பட்ட உர அளவை பயன்படுத்தவும். கார்பன்டாசிம் 2 கிலோ (அ) மான்கோசெப் 2 கிலோ / எக்டர், 45 - ம் நாள் முதல் 15 நாட்களுக்கு ஒருமுறை தெளிக்கவும்."
83,Cotton,boll rot (காயழுகல் நோய்),"போதுமான இடைவெளி விடவும். பரிந்துரைக்கப்பட்ட உர அளவை பயன்படுத்தவும். கார்பன்டாசிம் 2 கிலோ (அ) மான்கோசெப் 2 கிலோ / எக்டர், 45 - ம் நாள் முதல் 15 நாட்களுக்கு ஒருமுறை தெளிக்கவும்."
84,Cotton,boll rot (காயழுகல் நோய்),"போதுமான இடைவெளி விடவும். பரிந்துரைக்கப்பட்ட உர அளவை பயன்படுத்தவும். கார்பன்டாசிம் 2 கிலோ (அ) மான்கோசெப் 2 கிலோ / எக்டர், 45 - ம் நாள் முதல் 15 நாட்களுக்கு ஒருமுறை தெளிக்கவும்."
85,Cotton,boll rot (காயழுகல் நோய்),"போதுமான இடைவெளி விடவும். பரிந்துரைக்கப்பட்ட உர அளவை பயன்படுத்தவும். கார்பன்டாசிம் 2 கிலோ (அ) மான்கோசெப் 2 கிலோ / எக்டர், 45 - ம் நாள் முதல் 15 நாட்களுக்கு ஒருமுறை தெளிக்கவும்."
86,Cotton,boll rot (காயழுகல் நோய்),"போதுமான இடைவெளி விடவும். பரிந்துரைக்கப்பட்ட உர அளவை பயன்படுத்தவும். கார்பன்டாசிம் 2 கிலோ (அ) மான்கோசெப் 2 கிலோ / எக்டர், 45 - ம் நாள் முதல் 15 நாட்களுக்கு ஒருமுறை தெளிக்கவும்."
87,Cotton,boll rot (காயழுகல் நோய்),"போதுமான இடைவெளி விடவும். பரிந்துரைக்கப்பட்ட உர அளவை பயன்படுத்தவும். கார்பன்டாசிம் 2 கிலோ (அ) மான்கோசெப் 2 கிலோ / எக்டர், 45 - ம் நாள் முதல் 15 நாட்களுக்கு ஒருமுறை தெளிக்கவும்."
88,Cotton,boll rot (காயழுகல் நோய்),"போதுமான இடைவெளி விடவும். பரிந்துரைக்கப்பட்ட உர அளவை பயன்படுத்தவும். கார்பன்டாசிம் 2 கிலோ (அ) மான்கோசெப் 2 கிலோ / எக்டர், 45 - ம் நாள் முதல் 15 நாட்களுக்கு ஒருமுறை தெளிக்கவும்."
89,Cotton,boll rot (காயழுகல் நோய்),"போதுமான இடைவெளி விடவும். பரிந்துரைக்கப்பட்ட உர அளவை பயன்படுத்தவும். கார்பன்டாசிம் 2 கிலோ (அ) மான்கோசெப் 2 கிலோ / எக்டர், 45 - ம் நாள் முதல் 15 நாட்களுக்கு ஒருமுறை தெளிக்கவும்."
90,Cotton,boll rot (காயழுகல் நோய்),"போதுமான இடைவெளி விடவும். பரிந்துரைக்கப்பட்ட உர அளவை பயன்படுத்தவும். கார்பன்டாசிம் 2 கிலோ (அ) மான்கோசெப் 2 கிலோ / எக்டர், 45 - ம் நாள் முதல் 15 நாட்களுக்கு ஒருமுறை தெளிக்கவும்."
91,Cotton,boll rot (காயழுகல் நோய்),"போதுமான இடைவெளி விடவும். பரிந்துரைக்கப்பட்ட உர அளவை பயன்படுத்தவும். கார்பன்டாசிம் 2 கிலோ (அ) மான்கோசெப் 2 கிலோ / எக்டர், 45 - ம் நாள் முதல் 15 நாட்களுக்கு ஒருமுறை தெளிக்கவும்."
92,Cotton,boll rot (காயழுகல் நோய்),"போதுமான இடைவெளி விடவும். பரிந்துரைக்கப்பட்ட உர அளவை பயன்படுத்தவும். கார்பன்டாசிம் 2 கிலோ (அ) மான்கோசெப் 2 கிலோ / எக்டர், 45 - ம் நாள் முதல் 15 நாட்களுக்கு ஒருமுறை தெளிக்கவும்."
93,Cotton,boll rot (காயழுகல் நோய்),"போதுமான இடைவெளி விடவும். பரிந்துரைக்கப்பட்ட உர அளவை பயன்படுத்தவும். கார்பன்டாசிம் 2 கிலோ (அ) மான்கோசெப் 2 கிலோ / எக்டர், 45 - ம் நாள் முதல் 15 நாட்களுக்கு ஒருமுறை தெளிக்கவும்."
94,Cotton,boll rot (காயழுகல் நோய்),"போதுமான இடைவெளி விடவும். பரிந்துரைக்கப்பட்ட உர அளவை பயன்படுத்தவும். கார்பன்டாசிம் 2 கிலோ (அ) மான்கோசெப் 2 கிலோ / எக்டர், 45 - ம் நாள் முதல் 15 நாட்களுக்கு ஒருமுறை தெளிக்கவும்."
95,Cotton,boll rot (காயழுகல் நோய்),"போதுமான இடைவெளி விடவும். பரிந்துரைக்கப்பட்ட உர அளவை பயன்படுத்தவும். கார்பன்டாசிம் 2 கிலோ (அ) மான்கோசெப் 2 கிலோ / எக்டர், 45 - ம் நாள் முதல் 15 நாட்களுக்கு ஒருமுறை தெளிக்கவும்."
96,Cotton,boll rot (காயழுகல் நோய்),"போதுமான இடைவெளி விடவும். பரிந்துரைக்கப்பட்ட உர அளவை பயன்படுத்தவும். கார்பன்டாசிம் 2 கிலோ (அ) மான்கோசெப் 2 கிலோ / எக்டர், 45 - ம் நாள் முதல் 15 நாட்களுக்கு ஒருமுறை தெளிக்கவும்."
97,Cotton,boll rot (காயழுகல் நோய்),"போதுமான இடைவெளி விடவும். பரிந்துரைக்கப்பட்ட உர அளவை பயன்படுத்தவும். கார்பன்டாசிம் 2 கிலோ (அ) மான்கோசெப் 2 கிலோ / எக்டர், 45 - ம் நாள் முதல் 15 நாட்களுக்கு ஒருமுறை தெளிக்கவும்."
98,Cotton,boll rot (காயழுகல் நோய்),"போதுமான இடைவெளி விடவும். பரிந்துரைக்கப்பட்ட உர அளவை பயன்படுத்தவும். கார்பன்டாசிம் 2 கிலோ (அ) மான்கோசெப் 2 கிலோ / எக்டர், 45 - ம் நாள் முதல் 15 நாட்களுக்கு ஒருமுறை தெளிக்கவும்."
99,Cotton,boll rot (காயழுகல் நோய்),"போதுமான இடைவெளி விடவும். பரிந்துரைக்கப்பட்ட உர அளவை பயன்படுத்தவும். கார்பன்டாசிம் 2 கிலோ (அ) மான்கோசெப் 2 கிலோ / எக்டர், 45 - ம் நாள் முதல் 15 நாட்களுக்கு ஒருமுறை தெளிக்கவும்."
100,Cotton,boll rot (காயழுகல் நோய்),"போதுமான இடைவெளி விடவும். பரிந்துரைக்கப்பட்ட உர அளவை பயன்படுத்தவும். கார்பன்டாசிம் 2 கிலோ (அ) மான்கோசெப் 2 கிலோ / எக்டர், 45 - ம் நாள் முதல் 15 நாட்களுக்கு ஒருமுறை தெளிக்கவும்."
101,Cotton,boll rot (காயழுகல் நோய்),"போதுமான இடைவெளி விடவும். பரிந்துரைக்கப்பட்ட உர அளவை பயன்படுத்தவும். கார்பன்டாசிம் 2 கிலோ (அ) மான்கோசெப் 2 கிலோ / எக்டர், 45 - ம் நாள் முதல் 15 நாட்களுக்கு ஒருமுறை தெளிக்கவும்."
102,Cotton,boll rot (காயழுகல் நோய்),"போதுமான இடைவெளி விடவும். பரிந்துரைக்கப்பட்ட உர அளவை பயன்படுத்தவும். கார்பன்டாசிம் 2 கிலோ (அ) மான்கோசெப் 2 கிலோ / எக்டர், 45 - ம் நாள் முதல் 15 நாட்களுக்கு ஒருமுறை தெளிக்கவும்."
103,Cotton,boll rot (காயழுகல் நோய்),"போதுமான இடைவெளி விடவும். பரிந்துரைக்கப்பட்ட உர அளவை பயன்படுத்தவும். கார்பன்டாசிம் 2 கிலோ (அ) மான்கோசெப் 2 கிலோ / எக்டர், 45 - ம் நாள் முதல் 15 நாட்களுக்கு ஒருமுறை தெளிக்கவும்."
104,Cotton,boll rot (காயழுகல் நோய்),"போதுமான இடைவெளி விடவும். பரிந்துரைக்கப்பட்ட உர அளவை பயன்படுத்தவும். கார்பன்டாசிம் 2 கிலோ (அ) மான்கோசெப் 2 கிலோ / எக்டர், 45 - ம் நாள் முதல் 15 நாட்களுக்கு ஒருமுறை தெளிக்கவும்."
105,Cotton,boll rot (காயழுகல் நோய்),"போதுமான இடைவெளி விடவும். பரிந்துரைக்கப்பட்ட உர அளவை பயன்படுத்தவும். கார்பன்டாசிம் 2 கிலோ (அ) மான்கோசெப் 2 கிலோ / எக்டர், 45 - ம் நாள் முதல் 15 நாட்களுக்கு ஒருமுறை தெளிக்கவும்."
106,Cotton,boll rot (காயழுகல் நோய்),"போதுமான இடைவெளி விடவும். பரிந்துரைக்கப்பட்ட உர அளவை பயன்படுத்தவும். கார்பன்டாசிம் 2 கிலோ (அ) மான்கோசெப் 2 கிலோ / எக்டர், 45 - ம் நாள் முதல் 15 நாட்களுக்கு ஒருமுறை தெளிக்கவும்."
107,Sugarcane,zinc deficiency (துத்தநாகச்சத்து குறைபாடு),அடி உரமாக துத்தநாக சல்பேட் (25 கிலோ/எக்டர்) இடவேண்டும் துத்தநாக சல்பேட் ( 5 கிராம்/லிட்டர்) கரைசல் 10 நாட்கள் இடைவெளியில் இலை வழியாகத் தெளிக்க வேண்டும்.
108,Sugarcane,red rot (செவ்வழுகல் நோய்),"நோய் கண்ட கரும்பு வயலில் நீர்ப்பாசன வசதியைத் தடுக்க வேண்டும். நோய் தோன்றிய அதே நிலத்தில் கரும்பைத் தொடர்ந்து பயிரிடுவதைத் தவிர்த்து நெல் போன்ற மற்றப் பயிர்களைப் பயிரிட வேண்டும். நோய் எதிர்ப்புச் சக்தியுள்ள கோ 86249, கோ 85019, கோ 93076, கோசி 95071, கோசி 98061, கோ.க 99061 மற்றும் கோ.க 22 இரகங்களைப் பயிரிடுதல் வேண்டும். தூர் அழற்றிய இடத்திலும் அதைச்சுற்றியுள்ள இடங்களிலும் கார்பன்டாசிம் 50 பி.பி.யு பூஞ்சாணக் கொல்லி மருந்தை ஒரு லிட்டர் நீரில் ஒரு கிராம்) என்ற கலந்து ஊற்ற வேண்டும். 1% போர்டோக்ஸ் கலவை அல்லது பிற பூஞ்சாணக் கொல்லி விதைக் கரணை முழுவதும் நனையுமாறு நனைத்து பின் நடலாம்."
109,Tomato,Fusarium Wilt (ஃபியூசேரியம் வாடல்),பாதிக்கப்பட்ட செடிகளை அகற்றி அழித்துவிட வேண்டும். கார்பன்டாசிம் (0.1%) கொண்டு பாதிக்கப்பட்ட பகுதிகளை மூழ்கச் செய்ய வேண்டும். பயிர்ச் சுழற்சி முறையில் சாராத தாவரங்களை அதாவது தானியங்களைப் பயிரிட வேண்டும்.
110,Tomato,Early Blight (முன் பருவ இலைக்கருகல்),பயிர் குப்பைகளை அகற்றுதல் மற்றும் அழித்தல் பயிரைச் சுற்றியுள்ள களைகளைப் பின்பற்றுவதன் மூலம் நோய் தாக்கத்தை குறைக்கலாம். திரவ்டைனோக் கேப்டன் கூட்டு மருந்தை 0.2% தெளிக்க வேண்டும்.
107,Sugarcane,zinc deficiency (துத்தநாகச்சத்து குறைபாடு),அடி உரமாக துத்தநாக சல்பேட் (25 கிலோ/எக்டர்) இடவேண்டும் துத்தநாக சல்பேட் ( 5 கிராம்/லிட்டர்) கரைசல் 10 நாட்கள் இடைவெளியில் இலை வழியாகத் தெளிக்க வேண்டும்.
108,Sugarcane,red rot (செவ்வழுகல் நோய்),"நோய் கண்ட கரும்பு வயலில் நீர்ப்பாசன வசதியைத் தடுக்க வேண்டும். நோய் தோன்றிய அதே நிலத்தில் கரும்பைத் தொடர்ந்து பயிரிடுவதைத் தவிர்த்து நெல் போன்ற மற்றப் பயிர்களைப் பயிரிட வேண்டும். நோய் எதிர்ப்புச் சக்தியுள்ள கோ 86249, கோ 85019, கோ 93076, கோசி 95071, கோசி 98061, கோ.க 99061 மற்றும் கோ.க 22 இரகங்களைப் பயிரிடுதல் வேண்டும். தூர் அழற்றிய இடத்திலும் அதைச்சுற்றியுள்ள இடங்களிலும் கார்பன்டாசிம் 50 பி.பி.யு பூஞ்சாணக் கொல்லி மருந்தை ஒரு லிட்டர் நீரில் ஒரு கிராம்) என்ற கலந்து ஊற்ற வேண்டும். 1% போர்டோக்ஸ் கலவை அல்லது பிற பூஞ்சாணக் கொல்லி விதைக் கரணை முழுவதும் நனையுமாறு நனைத்து பின் நடலாம்."
109,Tomato,Fusarium Wilt (ஃபியூசேரியம் வாடல்),பாதிக்கப்பட்ட செடிகளை அகற்றி அழித்துவிட வேண்டும். கார்பன்டாசிம் (0.1%) கொண்டு பாதிக்கப்பட்ட பகுதிகளை மூழ்கச் செய்ய வேண்டும். பயிர்ச் சுழற்சி முறையில் சாராத தாவரங்களை அதாவது தானியங்களைப் பயிரிட வேண்டும்.
110,Tomato,Early Blight (முன் பருவ இலைக்கருகல்),பயிர் குப்பைகளை அகற்றுதல் மற்றும் அழித்தல் பயிரைச் சுற்றியுள்ள களைகளைப் பின்பற்றுவதன் மூலம் நோய் தாக்கத்தை குறைக்கலாம். திரவ்டைனோக் கேப்டன் கூட்டு மருந்தை 0.2% தெளிக்க வேண்டும்.
111,Tomato,Damping off (நாற்றழுகல்),1. தாவரங்களின் கீழ் இருக்கும் தழைத்திலிருக்கும் வெண்மேகப் பூஞ்சைப் படர்ச்சியைப் பார்த்து விதத்தில் தெளிக்க வேண்டும். 2. செல்வியர் நுண்ணுயிரிகளைக் கொண்டு விதை நேர்த்தி செய்தல். 3. நாற்றங்காலில் 0.2% கார்பன்டாசிம் கரைசல் தெளிக்க வேண்டும். 4. மான்கோசெப் 1 கிலோ / ஹெக்டர் அல்லது காப்பர் ஆக்ஸிகுளோரைடு 2 கிலோ / ஹெக்டர் என்ற அளவில் தெளிக்க வேண்டும். 5. நன்கு முற்றிய உரம் பயன்படுத்த வேண்டும். 0.2% மான்கோசெப் கரைசல் தெளிக்க வேண்டும்.
112,Tomato,Bacterial wilt (பாக்டீரியா வாடல் நோய்),பயிர் சுழற்சி முறையில் சாராத தாவரங்களை அதாவது தானியங்களைப் பயிரிட வேண்டும். பாதிக்கப்பட்ட செடிகளை அகற்றி அழித்துவிட வேண்டும். கார்பன்டாசிம் (0.1%) கொண்டு பாதிக்கப்பட்ட பகுதிகளை மூழ்கச் செய்ய வேண்டும். பயிர்ச் சுழற்சி முறையில் சாராத தாவரங்களை அதாவது தானியங்களைப் பயிரிட வேண்டும்.
113,Tomato,Tomato mosaic virus (TMV) (தக்காளி மொசைக் நோய்),பயிர் சுழற்சி முறையில் சாராத தாவரங்களை அதாவது தானியங்களைப் பயிரிட வேண்டும். பாதிக்கப்பட்ட செடிகளை அகற்றி அழித்துவிட வேண்டும். கார்பன்டாசிம் (0.1%) கொண்டு பாதிக்கப்பட்ட பகுதிகளை மூழ்கச் செய்ய வேண்டும். பயிர்ச் சுழற்சி முறையில் சாராத தாவரங்களை அதாவது தானியங்களைப் பயிரிட வேண்டும்.
114,Brinjal,little leaf (குட்டி இலை நோய்),1. பாதிக்கப்பட்ட செடிகளை அகற்றி அழித்துவிட வேண்டும். 2. டைமீதோயேட் 30 EC 1 லிட்டர் அல்லது பாஸ்போமிடான் 40 SL 1 லிட்டர் என்ற அளவில் தெளிக்க வேண்டும்.
115,Brinjal,Fusarium wilt (ஃபியூசேரியம் வாடல்),1. பாதிக்கப்பட்ட செடிகளை அகற்றி அழித்துவிட வேண்டும். 2. கார்பன்டாசிம் (0.1%) கொண்டு பாதிக்கப்பட்ட பகுதிகளை மூழ்கச் செய்ய வேண்டும். 3. பயிர்ச் சுழற்சி முறையில் சாராத தாவரங்களை அதாவது தானியங்களைப் பயிரிட வேண்டும்.
116,Brinjal,Bacterial wilt (பாக்டீரியா வாடல் நோய்),1. பயிர் சுழற்சி முறையில் சாராத தாவரங்களை அதாவது தானியங்களைப் பயிரிட வேண்டும். 2. பாதிக்கப்பட்ட செடிகளை அகற்றி அழித்துவிட வேண்டும். 3. கார்பன்டாசிம் (0.1%) கொண்டு பாதிக்கப்பட்ட பகுதிகளை மூழ்கச் செய்ய வேண்டும். 4. பயிர்ச் சுழற்சி முறையில் சாராத தாவரங்களை அதாவது தானியங்களைப் பயிரிட வேண்டும்.
117,Brinjal,Phomopsis blight (ஃபோமோப்சிஸ் கருகல்),1. பாதிக்கப்பட்ட செடிகளை அகற்றி அழித்துவிட வேண்டும். 2. மான்கோசெப் (0.25%) அல்லது குளோரோதாலோனில் (0.2%) தெளிக்க வேண்டும்.
118,Brinjal,Early blight (ஆரம்ப கருகல்),1. பாதிக்கப்பட்ட செடிகளை அகற்றி அழித்துவிட வேண்டும். 2. மான்கோசெப் (0.25%) அல்லது குளோரோதாலோனில் (0.2%) தெளிக்க வேண்டும்.
119,Brinjal,Late blight (பின் கருகல்),1. பாதிக்கப்பட்ட செடிகளை அகற்றி அழித்துவிட வேண்டும். 2. மான்கோசெப் (0.25%) அல்லது குளோரோதாலோனில் (0.2%) தெளிக்க வேண்டும்.
120,Brinjal,Fruit rot (பழம் அழுகல்),1. பாதிக்கப்பட்ட செடிகளை அகற்றி அழித்துவிட வேண்டும். 2. மான்கோசெப் (0.25%) அல்லது குளோரோதாலோனில் (0.2%) தெளிக்க வேண்டும்.
118,Tomato,Leaf curl (இலை சுருள் நோய்),பாதிக்கப்பட்ட செடிகளை அகற்றி அழித்துவிட வேண்டும். 2. மான்கோசெப் (0.25%) அல்லது குளோரோதாலோனில் (0.2%) தெளிக்க வேண்டும்.
119,Chillies,Leaf curl (இலை சுருள் நோய்),பாதிக்கப்பட்ட செடிகளை அகற்றி அழித்துவிட வேண்டும். 2. மான்கோசெப் (0.25%) அல்லது குளோரோதாலோனில் (0.2%) தெளிக்க வேண்டும்.
120,Ribbed gourd,Mosaic (வழுக்கை நோய்),பாதிக்கப்பட்ட செடிகளை அகற்றி அழித்துவிட வேண்டும். 2. மான்கோசெப் (0.25%) அல்லது குளோரோதாலோனில் (0.2%) தெளிக்க வேண்டும்.
121,Potato,Early blight (முன் பருவ இலைப்புள்ளி நோய்),தீங்குள்ள பூச்சிகளை அகற்றிவிட வேண்டும். போர்டாக்ஸ் கலவையை 1000 கிராம் / எக்டர் என்ற அளவில் தெளிக்க வேண்டும். கார்பன்டாசிம் 100 கிராம் அல்லது மான்கோசெப் 200 கிராம் மருந்தை 200 லிட்டர் தண்ணீரில் கலந்து இலைகள் நன்கு நனையும்படி தெளிப்பானால் இந்த நோயினை கட்டுப்படுத்தலாம்.
122,Potato,Late blight (பின் பருவ இலைப்புள்ளி நோய்),தீங்குள்ள பூச்சிகளை அகற்றிவிட வேண்டும். போர்டாக்ஸ் கலவையை 1000 கிராம் / எக்டர் என்ற அளவில் தெளிக்க வேண்டும். கார்பன்டாசிம் 100 கிராம் அல்லது மான்கோசெப் 200 கிராம் மருந்தை 200 லிட்டர் தண்ணீரில் கலந்து இலைகள் நன்கு நனையும்படி தெளிப்பானால் இந்த நோயினை கட்டுப்படுத்தலாம்.
123,Tapioca,leaf spot disease (இலை புள்ளி நோய்),0.25% காப்பர் ஆக்ஸிகுளோரைடு தெளிக்கவும் அல்லது மேன்கோசெப் 2 கிராம்/லிட்டர் பதிினைந்து நாள் இடைவெளியில் தெளிக்கவும்
124,Tapioca,tuber rot disease (வேர் அழுகல் நோய்),தண்ணீர் தேங்குவதை தவிர்க்கவும். நல்ல வடிகால் வசதி செய்து தரவும். காப்பர் ஆக்ஸிகுளோரைடு 2.5 கிராம்/லிட்டர் அல்லது ஸ்டாப்ளின் டியூரான்ச்ரோம் @ 2.5 கிலோ/எக்டர்ருக்கு அடியுரமாக மற்றும் நடவு செய்த 3வது மற்றும் 6வது மாதத்தில் மண்ணில் இடவும்.
125,Tapioca,mosaic virus disease (மரவள்ளி தேமல் நோய்),நல்ல ஆரோக்யமான செடிகளிலிருந்து விதை கரணைகளை தேர்ந்தெடுத்தெடுக்க வேண்டும் பாதிக்கப்பட்ட செடிகளை ஆரம்ப நிலையிலேயே அகற்றி வேண்டும் வெள்ளை ஈ கட்டுப்படுத்த இமிடாகுளோபிரிட் மூலம் கட்டுப்படுத்தலாம் மற்றும் களை ஒழிப்பிலும் அதிர்தல் வேப்ப எண்ணெய் 3% அளவில் தெளிக்கவும் அல்லது மீதைல் டெமட்டான் 2 மி.லி தெளிக்கவும் டைமெத்தோயேட் 1 மி.லி அளவில் தெளிப்பதன் மூலம் நோய் பரவுதலை தடுக்கலாம்
126,Mango,Powdery mildew (சாம்பல் நோய்),2 கிராம் நனையும் கந்தகத் தூளை ஒரு லிட்டர் நீரில் கலந்து தெளிக்கவேண்டும்.
127,Banana,Stem weevil (தண்டு கூன் வண்டு),"அவ்வப்போது காய்ந்த இலைகளை அகற்றவும், நிலத்தை தூய்மையாக வைத்துக் கொள்ள வேண்டும். ஒவ்வொரு மாதமும் ஒவ்வொரு மரத்தின் தண்டுப் பாகங்களை நீக்கவும் பாதிக்கப்பட்ட பகுதிகளை வேறோடு பிடுங்கி அழித்து விட வேண்டும். அறுவடை முடிந்த பின் தண்டை பிடுங்கி அழித்திடவும், கையோடு குலைகளை நீக்கி விட்டு, இதன் மூலம் முதல் மற்ற வண்டுகள் பெருகுவதை தவிர்க்கலாம். வண்டுகள் அதிகம் காணப்படும் இடங்களில் மல்லாட்டை எனும் அறுவடைக்குப் பின் இலைகளை உரமாக வயலில் இடும் முறையினை தவிர்க்கலாம். வெட்டப்பட்ட இலைகளில் குளோரோபைரிபாஸ் (2.5 லி/லி) + 1 லி ஒட்டும் திரவத்தில் கலந்து தெளிவு கொண்டு தரைக்குக் கீழ்ப்பட்ட வெட்டப்பட்ட (நீக்கப்பட்ட) பகுதியில் மீது 20 கி.கி. பியூரேரியா பேசியானா பூஞ்சை அல்லது மெட்டாரைசியம் அனிசோபிலியே என்ற இரு பூஞ்சை மருந்துகளையும் கொண்டு கட்டுப்படுத்தலாம். இக்கன்றுகளை நோய் வாய்ப்புள்ள வயலில் நடவு செய்வதை தவிர்க்கவும். இப்பாசனத்தில் நடப்பட்டபின் தண்டுப்பகுப்பிலும் இலைப்பகுதியிலும் (45 செ.மீ நீளம்) வாழைப்பின் தண்டினை இரண்டாக நீளவாக்கில் பிளந்து தயாரிக்கப்படுகிறது. இத்தகைய நாற்றுகளை வயலில் ஆங்காங்கு ஏக்கருக்கு 25 என்ற விதத்தில் வைத்து இக்கூன் வண்டுகள் கட்டுப்படுத்தப்படுகிறது."
128,Banana,Bunchy-top (குலைத்தொகுப்பு நோய்),வைரஸ் பரவாத நாற்றுகளை நடவுக்கு பயன்படுத்தவேண்டும். பாதிக்கப்பட்ட வாழை மரங்களை நீக்கம் செய்தல் வேண்டும்.
129,Banana,Banana aphid (அசுவினி),"பாதிக்கப்பட்ட செடிகளை அகற்றி அழித்துவிட வேண்டும். மான்கோசெப் 2 கிலோ (அ) காப்பர் ஆக்ஸிகுளோரைடு 2 கிலோ / எக்டர், 45 - ம் நாள் முதல் 15 நாட்களுக்கு ஒருமுறை தெளிக்க வேண்டும்."
130,Banana,Sigatoka leaf spot (சிக்கடோகா இலைப்புள்ளி நோய்),"பாதிக்கப்பட்ட செடிகளை அகற்றி அழித்துவிட வேண்டும். மான்கோசெப் 2 கிலோ (அ) காப்பர் ஆக்ஸிகுளோரைடு 2 கிலோ / எக்டர், 45 - ம் நாள் முதல் 15 நாட்களுக்கு ஒருமுறை தெளிக்க வேண்டும்."
131,Banana,Anthracnose (புறவழைக் கரும்புள்ளி நோய்),"பாதிக்கப்பட்ட பகுதிகளை எரித்து அழிக்கவேண்டும். நிலத்தில் களைகளை அகற்றிடும், நல்ல வடிகால் வசதி அமைத்து பராமரிக்க வேண்டும். அறுவடை மற்றும் பொறுப்பு அனுப்பும் போதும், சேமிக்கும்போதும் பழங்களை முடிந்தவரை தொற்று நேராமலிருந்து பாதுகாத்துத் தாரீகரைச் சரியாகத் தருவிடை செய்திட வேண்டும். சரியான ஈரப்பதம் மூடியும் தொற்றுத் தடுக்கலாம். தொற்று ஏற்பட்ட சேமிப்பை அருகிலுள்ள நீக்கப்படுவதன் மூலம் மற்றவை தொற்றுவதிலிருந்து தடுக்கப்படுகிறது. அறுவடைக்குப்பின், தார்க்களில் எந்த தொற்று இல்லதாவைகளை 7 - 10° சென்சியஸில் கவனமாக சேமித்து வைக்கவேண்டும்."
132,Banana,Panama Disease (பனாமா வாடல் நோய்),"குளோரோபைரிபாஸ் @ 2.5kg / ஹெக்டர் மண்ணில் ஊடுருவக்கூடிய கொல்லி, தொழு உரம் மற்றும் வேப்பம் புண்ணாக்கு கலந்து இடலாம் குளோரோபைரிபாஸ் (60 மி.லி) வேப்பம் பிண்ணாக்கு 10 செ.மீ ஆழமான துளை இட்டு இடவேண்டும். கார்பன்டாசிம் 50 மில்லி காப்பர் ஆக்ஸிகுளோரைடு அல்லது 2 சதவீதம் கார்பன்டசிம் ஊசியின் மூலமாக இடவேண்டும்."
133,Papaya,Root rot and wilt (வேர் அழுகல் நோய்),இதனைக் கட்டுப்படுத்த 0.1 சதவீத போர்டோக்ஸ் கலவை அல்லது 0.2 மெட்டாலாக்சில் அல்லது காப்பர் ஆக்ஸிகுளோரைடு தெளிக்கவும். 15 நாட்கள் இடைவெளியில் 2 அல்லது 4 முறை பூம்பொடியாக்கவேண்டும்.
134,Sapota,Sooty mould (கரும் பூஞ்சாண நோய்),1 கிலோ மைதா (அ) ஸ்டார்ச் வினை 5 லிட்டர் தண்ணீரில் கலந்து கொதிக்க வைக்கவேண்டும். அரியபின் 20 லிட்டர் தண்ணீரில் (5%) கலந்து தெளிக்கவேண்டும். மேகமூட்டம் இருக்கும் போது தெளிப்பதை தவிர்க்கவும்.
135,Guava,Red rust (சிவப்பு துரு நோய்),0.25% காப்பர் ஆக்ஸிகுளோரைடு தெளிக்கவும் அல்லது மேன்கோசெப் 2 கிராம்/லிட்டர் பதிினைந்து நாள் இடைவெளியில் தெளிக்கவும்
136,Coconut,Tall rhinoceros beetle (கள்ளி மாவு வண்டு),கள்ளி மாவு வண்டுகளை கைப்பிடித்து அழிக்க வேண்டும். ஒரு சதுர கி.மீ.க்கு 1000 விளக்குகள் அமைக்க வேண்டும். இரவில் 25 - 30 வாட் பல்புகள் அமைக்க வேண்டும். 10-15 நாட்கள் இடைவெளியில் 45 - 50 நாட்கள் வரை இவ்வாறு செய்ய வேண்டும். பூச்சிகளை கவர்ந்து இழுக்கும் மஞ்சள் ஒளிக்கூடுகளை வைக்க வேண்டும். இவை பூச்சிகளை கவர்ந்து இழுத்துக்கொள்ளும். 5 வாரம் வரை இவ்வாறு செய்தால் பூச்சிகள் இறந்துவிடும்.
137,Coconut,Leaf blight (இலைப்புள்ளி நோய்),பாதிக்கப்பட்ட இலைகளை அகற்றி அழித்துவிட வேண்டும். போர்டாக்ஸ் கலவையை 1000 கிராம் / எக்டர் என்ற அளவில் தெளிக்க வேண்டும். கார்பன்டாசிம் 100 கிராம் அல்லது மான்கோசெப் 200 கிராம் மருந்தை 200 லிட்டர் தண்ணீரில் கலந்து இலைகள் நன்கு நனையும்படி தெளிப்பானால் இந்த நோயினை கட்டுப்படுத்தலாம்.
138,Coconut,Bud rot (குருத்து அழுகல்),பாதிக்கப்பட்ட செடிகளை அகற்றி அழித்துவிட வேண்டும். போர்டாக்ஸ் கலவையை 1000 கிராம் / எக்டர் என்ற அளவில் தெளிக்க வேண்டும். கார்பன்டாசிம் 100 கிராம் அல்லது மான்கோசெப் 200 கிராம் மருந்தை 200 லிட்டர் தண்ணீரில் கலந்து இலைகள் நன்கு நனையும்படி தெளிப்பானால் இந்த நோயினை கட்டுப்படுத்தலாம்.
139,Coconut,Potassium deficiency (பொட்டாசியம் குறைபாடு),2 கிலோ பொட்டாசியம் சல்பேட்டை 200 லிட்டர் நீரில் கலந்து 10 நாட்கள் இடைவெளியில் இலை வழியாக தெளிக்க வேண்டும்.
140,Coconut,Leaf spot (இலைப்புள்ளி நோய்),பாதிக்கப்பட்ட செடிகளை அகற்றி அழித்துவிட வேண்டும். போர்டாக்ஸ் கலவையை 1000 கிராம் / எக்டர் என்ற அளவில் தெளிக்க வேண்டும். கார்பன்டாசிம் 100 கிராம் அல்லது மான்கோசெப் 200 கிராம் மருந்தை 200 லிட்டர் தண்ணீரில் கலந்து இலைகள் நன்கு நனையும்படி தெளிப்பானால் இந்த நோயினை கட்டுப்படுத்தலாம்.
141,Onion,Leaf spot (இலைப்புள்ளி நோய்),"கார்பன்டாசிம் 2 கிலோ (அ) மான்கோசெப் 2 கிலோ / எக்டர், 45 - ம் நாள் முதல் 15 நாட்களுக்கு ஒருமுறை தெளிக்க வேண்டும்."
