District,Crop,Soil Type
Kancheepuram,Rice,"Red Sandy Loam, Clay Loam, Saline Coastal Alluvium"
Kancheepuram,Pearl Millet,"Red Sandy Loam, Clay Loam, Saline Coastal Alluvium"
Kancheepuram,Sorghum,"Red Sandy Loam, Clay Loam, Saline Coastal Alluvium"
Kancheepuram,Gingelly,"Red Sandy Loam, Clay Loam, Saline Coastal Alluvium"
Kancheepuram,Finger Millet,"Red Sandy Loam, Clay Loam, Saline Coastal Alluvium"
Kancheepuram,Groundnut,"Red Sandy Loam, Clay Loam, Saline Coastal Alluvium"
Kancheepuram,Red Gram,"Red Sandy Loam, Clay Loam, Saline Coastal Alluvium"
Kancheepuram,Sugarcane,"Red Sandy Loam, Clay Loam, Saline Coastal Alluvium"
Kancheepuram,Cashew,"Red Sandy Loam, Clay Loam, Saline Coastal Alluvium"
Kancheepuram,Mango,"Red Sandy Loam, Clay Loam, Saline Coastal Alluvium"
Kancheepuram,Guards,"Red Sandy Loam, Clay Loam, Saline Coastal Alluvium"
Kancheepuram,Green Chillies,"Red Sandy Loam, Clay Loam, Saline Coastal Alluvium"
Kancheepuram,Brinjal,"Red Sandy Loam, Clay Loam, Saline Coastal Alluvium"
Kancheepuram,Tapioca,"Red Sandy Loam, Clay Loam, Saline Coastal Alluvium"
Kancheepuram,Yam,"Red Sandy Loam, Clay Loam, Saline Coastal Alluvium"
Kancheepuram,Banana,"Red Sandy Loam, Clay Loam, Saline Coastal Alluvium"
Kancheepuram,Jack,"Red Sandy Loam, Clay Loam, Saline Coastal Alluvium"
Kancheepuram,Guava,"Red Sandy Loam, Clay Loam, Saline Coastal Alluvium"
Kancheepuram,Watermelon,"Red Sandy Loam, Clay Loam, Saline Coastal Alluvium"
Kancheepuram,Turmeric,"Red Sandy Loam, Clay Loam, Saline Coastal Alluvium"
Kancheepuram,Tube rose,"Red Sandy Loam, Clay Loam, Saline Coastal Alluvium"
Kancheepuram,Crossandra,"Red Sandy Loam, Clay Loam, Saline Coastal Alluvium"
Kancheepuram,Lemongrass,"Red Sandy Loam, Clay Loam, Saline Coastal Alluvium"
Chengalpet,Rice,"Red Sandy Loam, Clay Loam, Saline Coastal Alluvium"
Chengalpet,Pearl Millet,"Red Sandy Loam, Clay Loam, Saline Coastal Alluvium"
Chengalpet,Sorghum,"Red Sandy Loam, Clay Loam, Saline Coastal Alluvium"
Chengalpet,Gingelly,"Red Sandy Loam, Clay Loam, Saline Coastal Alluvium"
Chengalpet,Finger Millet,"Red Sandy Loam, Clay Loam, Saline Coastal Alluvium"
Chengalpet,Groundnut,"Red Sandy Loam, Clay Loam, Saline Coastal Alluvium"
Chengalpet,Red Gram,"Red Sandy Loam, Clay Loam, Saline Coastal Alluvium"
Chengalpet,Sugarcane,"Red Sandy Loam, Clay Loam, Saline Coastal Alluvium"
Chengalpet,Cashew,"Red Sandy Loam, Clay Loam, Saline Coastal Alluvium"
Chengalpet,Mango,"Red Sandy Loam, Clay Loam, Saline Coastal Alluvium"
Chengalpet,Guards,"Red Sandy Loam, Clay Loam, Saline Coastal Alluvium"
Chengalpet,Green Chillies,"Red Sandy Loam, Clay Loam, Saline Coastal Alluvium"
Chengalpet,Brinjal,"Red Sandy Loam, Clay Loam, Saline Coastal Alluvium"
Chengalpet,Tapioca,"Red Sandy Loam, Clay Loam, Saline Coastal Alluvium"
Chengalpet,Yam,"Red Sandy Loam, Clay Loam, Saline Coastal Alluvium"
Chengalpet,Banana,"Red Sandy Loam, Clay Loam, Saline Coastal Alluvium"
Chengalpet,Jack,"Red Sandy Loam, Clay Loam, Saline Coastal Alluvium"
Chengalpet,Guava,"Red Sandy Loam, Clay Loam, Saline Coastal Alluvium"
Chengalpet,Watermelon,"Red Sandy Loam, Clay Loam, Saline Coastal Alluvium"
Chengalpet,Turmeric,"Red Sandy Loam, Clay Loam, Saline Coastal Alluvium"
Chengalpet,Tube rose,"Red Sandy Loam, Clay Loam, Saline Coastal Alluvium"
Chengalpet,Crossandra,"Red Sandy Loam, Clay Loam, Saline Coastal Alluvium"
Chengalpet,Lemongrass,"Red Sandy Loam, Clay Loam, Saline Coastal Alluvium"
Tiruvallur,Rice,"Red Sandy Loam, Clay Loam, Saline Coastal Alluvium"
Tiruvallur,Pearl Millet,"Red Sandy Loam, Clay Loam, Saline Coastal Alluvium"
Tiruvallur,Sorghum,"Red Sandy Loam, Clay Loam, Saline Coastal Alluvium"
Tiruvallur,Gingelly,"Red Sandy Loam, Clay Loam, Saline Coastal Alluvium"
Tiruvallur,Finger Millet,"Red Sandy Loam, Clay Loam, Saline Coastal Alluvium"
Tiruvallur,Groundnut,"Red Sandy Loam, Clay Loam, Saline Coastal Alluvium"
Tiruvallur,Red Gram,"Red Sandy Loam, Clay Loam, Saline Coastal Alluvium"
Tiruvallur,Sugarcane,"Red Sandy Loam, Clay Loam, Saline Coastal Alluvium"
Tiruvallur,Cashew,"Red Sandy Loam, Clay Loam, Saline Coastal Alluvium"
Tiruvallur,Mango,"Red Sandy Loam, Clay Loam, Saline Coastal Alluvium"
Tiruvallur,Guards,"Red Sandy Loam, Clay Loam, Saline Coastal Alluvium"
Tiruvallur,Green Chillies,"Red Sandy Loam, Clay Loam, Saline Coastal Alluvium"
Tiruvallur,Brinjal,"Red Sandy Loam, Clay Loam, Saline Coastal Alluvium"
Tiruvallur,Tapioca,"Red Sandy Loam, Clay Loam, Saline Coastal Alluvium"
Tiruvallur,Yam,"Red Sandy Loam, Clay Loam, Saline Coastal Alluvium"
Tiruvallur,Banana,"Red Sandy Loam, Clay Loam, Saline Coastal Alluvium"
Tiruvallur,Jack,"Red Sandy Loam, Clay Loam, Saline Coastal Alluvium"
Tiruvallur,Guava,"Red Sandy Loam, Clay Loam, Saline Coastal Alluvium"
Tiruvallur,Watermelon,"Red Sandy Loam, Clay Loam, Saline Coastal Alluvium"
Tiruvallur,Turmeric,"Red Sandy Loam, Clay Loam, Saline Coastal Alluvium"
Tiruvallur,Tube rose,"Red Sandy Loam, Clay Loam, Saline Coastal Alluvium"
Tiruvallur,Crossandra,"Red Sandy Loam, Clay Loam, Saline Coastal Alluvium"
Tiruvallur,Lemongrass,"Red Sandy Loam, Clay Loam, Saline Coastal Alluvium"
Cuddalore,Rice,"Red Sandy Loam, Clay Loam, Saline Coastal Alluvium"
Cuddalore,Pearl Millet,"Red Sandy Loam, Clay Loam, Saline Coastal Alluvium"
Cuddalore,Sorghum,"Red Sandy Loam, Clay Loam, Saline Coastal Alluvium"
Cuddalore,Gingelly,"Red Sandy Loam, Clay Loam, Saline Coastal Alluvium"
Cuddalore,Finger Millet,"Red Sandy Loam, Clay Loam, Saline Coastal Alluvium"
Cuddalore,Groundnut,"Red Sandy Loam, Clay Loam, Saline Coastal Alluvium"
Cuddalore,Red Gram,"Red Sandy Loam, Clay Loam, Saline Coastal Alluvium"
Cuddalore,Sugarcane,"Red Sandy Loam, Clay Loam, Saline Coastal Alluvium"
Cuddalore,Cashew,"Red Sandy Loam, Clay Loam, Saline Coastal Alluvium"
Cuddalore,Mango,"Red Sandy Loam, Clay Loam, Saline Coastal Alluvium"
Cuddalore,Guards,"Red Sandy Loam, Clay Loam, Saline Coastal Alluvium"
Cuddalore,Green Chillies,"Red Sandy Loam, Clay Loam, Saline Coastal Alluvium"
Cuddalore,Brinjal,"Red Sandy Loam, Clay Loam, Saline Coastal Alluvium"
Cuddalore,Tapioca,"Red Sandy Loam, Clay Loam, Saline Coastal Alluvium"
Cuddalore,Yam,"Red Sandy Loam, Clay Loam, Saline Coastal Alluvium"
Cuddalore,Banana,"Red Sandy Loam, Clay Loam, Saline Coastal Alluvium"
Cuddalore,Jack,"Red Sandy Loam, Clay Loam, Saline Coastal Alluvium"
Cuddalore,Guava,"Red Sandy Loam, Clay Loam, Saline Coastal Alluvium"
Cuddalore,Watermelon,"Red Sandy Loam, Clay Loam, Saline Coastal Alluvium"
Cuddalore,Turmeric,"Red Sandy Loam, Clay Loam, Saline Coastal Alluvium"
Cuddalore,Tube rose,"Red Sandy Loam, Clay Loam, Saline Coastal Alluvium"
Cuddalore,Crossandra,"Red Sandy Loam, Clay Loam, Saline Coastal Alluvium"
Cuddalore,Lemongrass,"Red Sandy Loam, Clay Loam, Saline Coastal Alluvium"
Villupuram,Rice,"Red Sandy Loam, Clay Loam, Saline Coastal Alluvium"
Villupuram,Pearl Millet,"Red Sandy Loam, Clay Loam, Saline Coastal Alluvium"
Villupuram,Sorghum,"Red Sandy Loam, Clay Loam, Saline Coastal Alluvium"
Villupuram,Gingelly,"Red Sandy Loam, Clay Loam, Saline Coastal Alluvium"
Villupuram,Finger Millet,"Red Sandy Loam, Clay Loam, Saline Coastal Alluvium"
Villupuram,Groundnut,"Red Sandy Loam, Clay Loam, Saline Coastal Alluvium"
Villupuram,Red Gram,"Red Sandy Loam, Clay Loam, Saline Coastal Alluvium"
Villupuram,Sugarcane,"Red Sandy Loam, Clay Loam, Saline Coastal Alluvium"
Villupuram,Cashew,"Red Sandy Loam, Clay Loam, Saline Coastal Alluvium"
Villupuram,Mango,"Red Sandy Loam, Clay Loam, Saline Coastal Alluvium"
Villupuram,Guards,"Red Sandy Loam, Clay Loam, Saline Coastal Alluvium"
Villupuram,Green Chillies,"Red Sandy Loam, Clay Loam, Saline Coastal Alluvium"
Villupuram,Brinjal,"Red Sandy Loam, Clay Loam, Saline Coastal Alluvium"
Villupuram,Tapioca,"Red Sandy Loam, Clay Loam, Saline Coastal Alluvium"
Villupuram,Yam,"Red Sandy Loam, Clay Loam, Saline Coastal Alluvium"
Villupuram,Banana,"Red Sandy Loam, Clay Loam, Saline Coastal Alluvium"
Villupuram,Jack,"Red Sandy Loam, Clay Loam, Saline Coastal Alluvium"
Villupuram,Guava,"Red Sandy Loam, Clay Loam, Saline Coastal Alluvium"
Villupuram,Watermelon,"Red Sandy Loam, Clay Loam, Saline Coastal Alluvium"
Villupuram,Turmeric,"Red Sandy Loam, Clay Loam, Saline Coastal Alluvium"
Villupuram,Tube rose,"Red Sandy Loam, Clay Loam, Saline Coastal Alluvium"
Villupuram,Crossandra,"Red Sandy Loam, Clay Loam, Saline Coastal Alluvium"
Villupuram,Lemongrass,"Red Sandy Loam, Clay Loam, Saline Coastal Alluvium"
Kallakuruchi,Rice,Black
Kallakuruchi,Pearl Millet,Black
Kallakuruchi,Sorghum,Black
Kallakuruchi,Gingelly,Black
Kallakuruchi,Finger Millet,Black
Kallakuruchi,Groundnut,Black
Kallakuruchi,Red Gram,Black
Kallakuruchi,Sugarcane,Black
Kallakuruchi,Cashew,Black
Kallakuruchi,Mango,Black
Kallakuruchi,Guards,Black
Kallakuruchi,Green Chillies,Black
Kallakuruchi,Brinjal,Black
Kallakuruchi,Tapioca,Black
Kallakuruchi,Yam,Black
Kallakuruchi,Banana,Black
Kallakuruchi,Jack,Black
Kallakuruchi,Guava,Black
Kallakuruchi,Watermelon,Black
Kallakuruchi,Turmeric,Black
Kallakuruchi,Tube rose,Black
Kallakuruchi,Crossandra,Black
Kallakuruchi,Lemongrass,Black
Vellore,Rice,"Red Sandy Loam, Clay Loam, Saline Coastal Alluvium"
Vellore,Pearl Millet,"Red Sandy Loam, Clay Loam, Saline Coastal Alluvium"
Vellore,Sorghum,"Red Sandy Loam, Clay Loam, Saline Coastal Alluvium"
Vellore,Gingelly,"Red Sandy Loam, Clay Loam, Saline Coastal Alluvium"
Vellore,Finger Millet,"Red Sandy Loam, Clay Loam, Saline Coastal Alluvium"
Vellore,Groundnut,"Red Sandy Loam, Clay Loam, Saline Coastal Alluvium"
Vellore,Red Gram,"Red Sandy Loam, Clay Loam, Saline Coastal Alluvium"
Vellore,Sugarcane,"Red Sandy Loam, Clay Loam, Saline Coastal Alluvium"
Vellore,Cashew,"Red Sandy Loam, Clay Loam, Saline Coastal Alluvium"
Vellore,Mango,"Red Sandy Loam, Clay Loam, Saline Coastal Alluvium"
Vellore,Guards,"Red Sandy Loam, Clay Loam, Saline Coastal Alluvium"
Vellore,Green Chillies,"Red Sandy Loam, Clay Loam, Saline Coastal Alluvium"
Vellore,Brinjal,"Red Sandy Loam, Clay Loam, Saline Coastal Alluvium"
Vellore,Tapioca,"Red Sandy Loam, Clay Loam, Saline Coastal Alluvium"
Vellore,Yam,"Red Sandy Loam, Clay Loam, Saline Coastal Alluvium"
Vellore,Banana,"Red Sandy Loam, Clay Loam, Saline Coastal Alluvium"
Vellore,Jack,"Red Sandy Loam, Clay Loam, Saline Coastal Alluvium"
Vellore,Guava,"Red Sandy Loam, Clay Loam, Saline Coastal Alluvium"
Vellore,Watermelon,"Red Sandy Loam, Clay Loam, Saline Coastal Alluvium"
Vellore,Turmeric,"Red Sandy Loam, Clay Loam, Saline Coastal Alluvium"
Vellore,Tube rose,"Red Sandy Loam, Clay Loam, Saline Coastal Alluvium"
Vellore,Crossandra,"Red Sandy Loam, Clay Loam, Saline Coastal Alluvium"
Vellore,Lemongrass,"Red Sandy Loam, Clay Loam, Saline Coastal Alluvium"
Tirupathur,Rice,"Non Calcareous Red, Non Calcareous Brown, Calcareous Black"
Tirupathur,Pearl Millet,"Non Calcareous Red, Non Calcareous Brown, Calcareous Black"
Tirupathur,Sorghum,"Non Calcareous Red, Non Calcareous Brown, Calcareous Black"
Tirupathur,Gingelly,"Non Calcareous Red, Non Calcareous Brown, Calcareous Black"
Tirupathur,Finger Millet,"Non Calcareous Red, Non Calcareous Brown, Calcareous Black"
Tirupathur,Groundnut,"Non Calcareous Red, Non Calcareous Brown, Calcareous Black"
Tirupathur,Red Gram,"Non Calcareous Red, Non Calcareous Brown, Calcareous Black"
Tirupathur,Sugarcane,"Non Calcareous Red, Non Calcareous Brown, Calcareous Black"
Tirupathur,Cashew,"Non Calcareous Red, Non Calcareous Brown, Calcareous Black"
Tirupathur,Mango,"Non Calcareous Red, Non Calcareous Brown, Calcareous Black"
Tirupathur,Guards,"Non Calcareous Red, Non Calcareous Brown, Calcareous Black"
Tirupathur,Green Chillies,"Non Calcareous Red, Non Calcareous Brown, Calcareous Black"
Tirupathur,Brinjal,"Non Calcareous Red, Non Calcareous Brown, Calcareous Black"
Tirupathur,Tapioca,"Non Calcareous Red, Non Calcareous Brown, Calcareous Black"
Tirupathur,Yam,"Non Calcareous Red, Non Calcareous Brown, Calcareous Black"
Tirupathur,Banana,"Non Calcareous Red, Non Calcareous Brown, Calcareous Black"
Tirupathur,Jack,"Non Calcareous Red, Non Calcareous Brown, Calcareous Black"
Tirupathur,Guava,"Non Calcareous Red, Non Calcareous Brown, Calcareous Black"
Tirupathur,Watermelon,"Non Calcareous Red, Non Calcareous Brown, Calcareous Black"
Tirupathur,Turmeric,"Non Calcareous Red, Non Calcareous Brown, Calcareous Black"
Tirupathur,Tube rose,"Non Calcareous Red, Non Calcareous Brown, Calcareous Black"
Tirupathur,Crossandra,"Non Calcareous Red, Non Calcareous Brown, Calcareous Black"
Tirupathur,Lemongrass,"Non Calcareous Red, Non Calcareous Brown, Calcareous Black"
Ranipet,Rice,"Red Sandy Loam, Clay Loam, Saline Coastal Alluvium"
Ranipet,Pearl Millet,"Red Sandy Loam, Clay Loam, Saline Coastal Alluvium"
Ranipet,Sorghum,"Red Sandy Loam, Clay Loam, Saline Coastal Alluvium"
Ranipet,Gingelly,"Red Sandy Loam, Clay Loam, Saline Coastal Alluvium"
Ranipet,Finger Millet,"Red Sandy Loam, Clay Loam, Saline Coastal Alluvium"
Ranipet,Groundnut,"Red Sandy Loam, Clay Loam, Saline Coastal Alluvium"
Ranipet,Red Gram,"Red Sandy Loam, Clay Loam, Saline Coastal Alluvium"
Ranipet,Sugarcane,"Red Sandy Loam, Clay Loam, Saline Coastal Alluvium"
Ranipet,Cashew,"Red Sandy Loam, Clay Loam, Saline Coastal Alluvium"
Ranipet,Mango,"Red Sandy Loam, Clay Loam, Saline Coastal Alluvium"
Ranipet,Guards,"Red Sandy Loam, Clay Loam, Saline Coastal Alluvium"
Ranipet,Green Chillies,"Red Sandy Loam, Clay Loam, Saline Coastal Alluvium"
Ranipet,Brinjal,"Red Sandy Loam, Clay Loam, Saline Coastal Alluvium"
Ranipet,Tapioca,"Red Sandy Loam, Clay Loam, Saline Coastal Alluvium"
Ranipet,Yam,"Red Sandy Loam, Clay Loam, Saline Coastal Alluvium"
Ranipet,Banana,"Red Sandy Loam, Clay Loam, Saline Coastal Alluvium"
Ranipet,Jack,"Red Sandy Loam, Clay Loam, Saline Coastal Alluvium"
Ranipet,Guava,"Red Sandy Loam, Clay Loam, Saline Coastal Alluvium"
Ranipet,Watermelon,"Red Sandy Loam, Clay Loam, Saline Coastal Alluvium"
Ranipet,Turmeric,"Red Sandy Loam, Clay Loam, Saline Coastal Alluvium"
Ranipet,Tube rose,"Red Sandy Loam, Clay Loam, Saline Coastal Alluvium"
Ranipet,Crossandra,"Red Sandy Loam, Clay Loam, Saline Coastal Alluvium"
Ranipet,Lemongrass,"Red Sandy Loam, Clay Loam, Saline Coastal Alluvium"
Tiruvannamalai,Rice,"Red Sandy Loam, Clay Loam, Saline Coastal Alluvium"
Tiruvannamalai,Pearl Millet,"Red Sandy Loam, Clay Loam, Saline Coastal Alluvium"
Tiruvannamalai,Sorghum,"Red Sandy Loam, Clay Loam, Saline Coastal Alluvium"
Tiruvannamalai,Gingelly,"Red Sandy Loam, Clay Loam, Saline Coastal Alluvium"
Tiruvannamalai,Finger Millet,"Red Sandy Loam, Clay Loam, Saline Coastal Alluvium"
Tiruvannamalai,Groundnut,"Red Sandy Loam, Clay Loam, Saline Coastal Alluvium"
Tiruvannamalai,Red Gram,"Red Sandy Loam, Clay Loam, Saline Coastal Alluvium"
Tiruvannamalai,Sugarcane,"Red Sandy Loam, Clay Loam, Saline Coastal Alluvium"
Tiruvannamalai,Cashew,"Red Sandy Loam, Clay Loam, Saline Coastal Alluvium"
Tiruvannamalai,Mango,"Red Sandy Loam, Clay Loam, Saline Coastal Alluvium"
Tiruvannamalai,Guards,"Red Sandy Loam, Clay Loam, Saline Coastal Alluvium"
Tiruvannamalai,Green Chillies,"Red Sandy Loam, Clay Loam, Saline Coastal Alluvium"
Tiruvannamalai,Brinjal,"Red Sandy Loam, Clay Loam, Saline Coastal Alluvium"
Tiruvannamalai,Tapioca,"Red Sandy Loam, Clay Loam, Saline Coastal Alluvium"
Tiruvannamalai,Yam,"Red Sandy Loam, Clay Loam, Saline Coastal Alluvium"
Tiruvannamalai,Banana,"Red Sandy Loam, Clay Loam, Saline Coastal Alluvium"
Tiruvannamalai,Jack,"Red Sandy Loam, Clay Loam, Saline Coastal Alluvium"
Tiruvannamalai,Guava,"Red Sandy Loam, Clay Loam, Saline Coastal Alluvium"
Tiruvannamalai,Watermelon,"Red Sandy Loam, Clay Loam, Saline Coastal Alluvium"
Tiruvannamalai,Turmeric,"Red Sandy Loam, Clay Loam, Saline Coastal Alluvium"
Tiruvannamalai,Tube rose,"Red Sandy Loam, Clay Loam, Saline Coastal Alluvium"
Tiruvannamalai,Crossandra,"Red Sandy Loam, Clay Loam, Saline Coastal Alluvium"
Tiruvannamalai,Lemongrass,"Red Sandy Loam, Clay Loam, Saline Coastal Alluvium"
Dharmapuri,Sorghum,"Non Calcareous Red, Non Calcareous Brown, Calcareous Black"
Dharmapuri,Rice,"Non Calcareous Red, Non Calcareous Brown, Calcareous Black"
Dharmapuri,Millet,"Non Calcareous Red, Non Calcareous Brown, Calcareous Black"
Dharmapuri,Groundnut,"Non Calcareous Red, Non Calcareous Brown, Calcareous Black"
Dharmapuri,Horse Gram,"Non Calcareous Red, Non Calcareous Brown, Calcareous Black"
Dharmapuri,Cotton,"Non Calcareous Red, Non Calcareous Brown, Calcareous Black"
Dharmapuri,Sugarcane,"Non Calcareous Red, Non Calcareous Brown, Calcareous Black"
Dharmapuri,Tapioca,"Non Calcareous Red, Non Calcareous Brown, Calcareous Black"
Dharmapuri,Gingelly,"Non Calcareous Red, Non Calcareous Brown, Calcareous Black"
Dharmapuri,Chillies,"Non Calcareous Red, Non Calcareous Brown, Calcareous Black"
Dharmapuri,Mango,"Non Calcareous Red, Non Calcareous Brown, Calcareous Black"
Dharmapuri,Banana,"Non Calcareous Red, Non Calcareous Brown, Calcareous Black"
Dharmapuri,Tobacco,"Non Calcareous Red, Non Calcareous Brown, Calcareous Black"
Dharmapuri,Pulses,"Non Calcareous Red, Non Calcareous Brown, Calcareous Black"
Dharmapuri,Jack,"Non Calcareous Red, Non Calcareous Brown, Calcareous Black"
Dharmapuri,Tomato,"Non Calcareous Red, Non Calcareous Brown, Calcareous Black"
Dharmapuri,Radish,"Non Calcareous Red, Non Calcareous Brown, Calcareous Black"
Dharmapuri,Brinjal,"Non Calcareous Red, Non Calcareous Brown, Calcareous Black"
Dharmapuri,Ladies Finger,"Non Calcareous Red, Non Calcareous Brown, Calcareous Black"
Dharmapuri,Pepper,"Non Calcareous Red, Non Calcareous Brown, Calcareous Black"
Dharmapuri,Arecanut,"Non Calcareous Red, Non Calcareous Brown, Calcareous Black"
Dharmapuri,Cocoa,"Non Calcareous Red, Non Calcareous Brown, Calcareous Black"
Dharmapuri,Coconut,"Non Calcareous Red, Non Calcareous Brown, Calcareous Black"
Dharmapuri,Palmarosa,"Non Calcareous Red, Non Calcareous Brown, Calcareous Black"
Dharmapuri,Chrysanthemum,"Non Calcareous Red, Non Calcareous Brown, Calcareous Black"
Dharmapuri,Jasmine,"Non Calcareous Red, Non Calcareous Brown, Calcareous Black"
Dharmapuri,Marigold,"Non Calcareous Red, Non Calcareous Brown, Calcareous Black"
Dharmapuri,Rose,"Non Calcareous Red, Non Calcareous Brown, Calcareous Black"
Dharmapuri,Tuberose,"Non Calcareous Red, Non Calcareous Brown, Calcareous Black"
Dharmapuri,Cutflowers,"Non Calcareous Red, Non Calcareous Brown, Calcareous Black"
Dharmapuri,Turmeric,"Non Calcareous Red, Non Calcareous Brown, Calcareous Black"
Dharmapuri,Red Chillies,"Non Calcareous Red, Non Calcareous Brown, Calcareous Black"
Salem,Sorghum,"Non Calcareous Red, Non Calcareous Brown, Calcareous Black"
Salem,Rice,"Non Calcareous Red, Non Calcareous Brown, Calcareous Black"
Salem,Millet,"Non Calcareous Red, Non Calcareous Brown, Calcareous Black"
Salem,Groundnut,"Non Calcareous Red, Non Calcareous Brown, Calcareous Black"
Salem,Horse Gram,"Non Calcareous Red, Non Calcareous Brown, Calcareous Black"
Salem,Cotton,"Non Calcareous Red, Non Calcareous Brown, Calcareous Black"
Salem,Sugarcane,"Non Calcareous Red, Non Calcareous Brown, Calcareous Black"
Salem,Tapioca,"Non Calcareous Red, Non Calcareous Brown, Calcareous Black"
Salem,Gingelly,"Non Calcareous Red, Non Calcareous Brown, Calcareous Black"
Salem,Chillies,"Non Calcareous Red, Non Calcareous Brown, Calcareous Black"
Salem,Mango,"Non Calcareous Red, Non Calcareous Brown, Calcareous Black"
Salem,Banana,"Non Calcareous Red, Non Calcareous Brown, Calcareous Black"
Salem,Tobacco,"Non Calcareous Red, Non Calcareous Brown, Calcareous Black"
Salem,Pulses,"Non Calcareous Red, Non Calcareous Brown, Calcareous Black"
Salem,Jack,"Non Calcareous Red, Non Calcareous Brown, Calcareous Black"
Salem,Tomato,"Non Calcareous Red, Non Calcareous Brown, Calcareous Black"
Salem,Radish,"Non Calcareous Red, Non Calcareous Brown, Calcareous Black"
Salem,Brinjal,"Non Calcareous Red, Non Calcareous Brown, Calcareous Black"
Salem,Ladies Finger,"Non Calcareous Red, Non Calcareous Brown, Calcareous Black"
Salem,Pepper,"Non Calcareous Red, Non Calcareous Brown, Calcareous Black"
Salem,Arecanut,"Non Calcareous Red, Non Calcareous Brown, Calcareous Black"
Salem,Cocoa,"Non Calcareous Red, Non Calcareous Brown, Calcareous Black"
Salem,Coconut,"Non Calcareous Red, Non Calcareous Brown, Calcareous Black"
Salem,Palmarosa,"Non Calcareous Red, Non Calcareous Brown, Calcareous Black"
Salem,Chrysanthemum,"Non Calcareous Red, Non Calcareous Brown, Calcareous Black"
Salem,Jasmine,"Non Calcareous Red, Non Calcareous Brown, Calcareous Black"
Salem,Marigold,"Non Calcareous Red, Non Calcareous Brown, Calcareous Black"
Salem,Rose,"Non Calcareous Red, Non Calcareous Brown, Calcareous Black"
Salem,Tuberose,"Non Calcareous Red, Non Calcareous Brown, Calcareous Black"
Salem,Cutflowers,"Non Calcareous Red, Non Calcareous Brown, Calcareous Black"
Salem,Turmeric,"Non Calcareous Red, Non Calcareous Brown, Calcareous Black"
Salem,Red Chillies,"Non Calcareous Red, Non Calcareous Brown, Calcareous Black"
Namakkal,Sorghum,"Non Calcareous Red, Non Calcareous Brown, Calcareous Black"
Namakkal,Rice,"Non Calcareous Red, Non Calcareous Brown, Calcareous Black"
Namakkal,Millet,"Non Calcareous Red, Non Calcareous Brown, Calcareous Black"
Namakkal,Groundnut,"Non Calcareous Red, Non Calcareous Brown, Calcareous Black"
Namakkal,Horse Gram,"Non Calcareous Red, Non Calcareous Brown, Calcareous Black"
Namakkal,Cotton,"Non Calcareous Red, Non Calcareous Brown, Calcareous Black"
Namakkal,Sugarcane,"Non Calcareous Red, Non Calcareous Brown, Calcareous Black"
Namakkal,Tapioca,"Non Calcareous Red, Non Calcareous Brown, Calcareous Black"
Namakkal,Gingelly,"Non Calcareous Red, Non Calcareous Brown, Calcareous Black"
Namakkal,Chillies,"Non Calcareous Red, Non Calcareous Brown, Calcareous Black"
Namakkal,Mango,"Non Calcareous Red, Non Calcareous Brown, Calcareous Black"
Namakkal,Banana,"Non Calcareous Red, Non Calcareous Brown, Calcareous Black"
Namakkal,Tobacco,"Non Calcareous Red, Non Calcareous Brown, Calcareous Black"
Namakkal,Pulses,"Non Calcareous Red, Non Calcareous Brown, Calcareous Black"
Namakkal,Jack,"Non Calcareous Red, Non Calcareous Brown, Calcareous Black"
Namakkal,Tomato,"Non Calcareous Red, Non Calcareous Brown, Calcareous Black"
Namakkal,Radish,"Non Calcareous Red, Non Calcareous Brown, Calcareous Black"
Namakkal,Brinjal,"Non Calcareous Red, Non Calcareous Brown, Calcareous Black"
Namakkal,Ladies Finger,"Non Calcareous Red, Non Calcareous Brown, Calcareous Black"
Namakkal,Pepper,"Non Calcareous Red, Non Calcareous Brown, Calcareous Black"
Namakkal,Arecanut,"Non Calcareous Red, Non Calcareous Brown, Calcareous Black"
Namakkal,Cocoa,"Non Calcareous Red, Non Calcareous Brown, Calcareous Black"
Namakkal,Coconut,"Non Calcareous Red, Non Calcareous Brown, Calcareous Black"
Namakkal,Palmarosa,"Non Calcareous Red, Non Calcareous Brown, Calcareous Black"
Namakkal,Chrysanthemum,"Non Calcareous Red, Non Calcareous Brown, Calcareous Black"
Namakkal,Jasmine,"Non Calcareous Red, Non Calcareous Brown, Calcareous Black"
Namakkal,Marigold,"Non Calcareous Red, Non Calcareous Brown, Calcareous Black"
Namakkal,Rose,"Non Calcareous Red, Non Calcareous Brown, Calcareous Black"
Namakkal,Tuberose,"Non Calcareous Red, Non Calcareous Brown, Calcareous Black"
Namakkal,Cutflowers,"Non Calcareous Red, Non Calcareous Brown, Calcareous Black"
Namakkal,Turmeric,"Non Calcareous Red, Non Calcareous Brown, Calcareous Black"
Namakkal,Red Chillies,"Non Calcareous Red, Non Calcareous Brown, Calcareous Black"
Erode,Sorghum,"Red Loamy, Black"
Erode,Pulses,"Red Loamy, Black"
Erode,Groundnut,"Red Loamy, Black"
Erode,Rice,"Red Loamy, Black"
Erode,Millets,"Red Loamy, Black"
Erode,Cumbu,"Red Loamy, Black"
Erode,Cotton,"Red Loamy, Black"
Erode,Sugarcane,"Red Loamy, Black"
Erode,Ragi,"Red Loamy, Black"
Erode,Black Gram,"Red Loamy, Black"
Erode,Sunflower,"Red Loamy, Black"
Erode,Green Gram,"Red Loamy, Black"
Erode,Gingelly,"Red Loamy, Black"
Erode,Red Gram,"Red Loamy, Black"
Erode,Turmeric,"Red Loamy, Black"
Erode,Maize,"Red Loamy, Black"
Erode,Banana,"Red Loamy, Black"
Erode,Onion,"Red Loamy, Black"
Erode,Castor,"Red Loamy, Black"
Erode,Tobacco,"Red Loamy, Black"
Erode,Guava,"Red Loamy, Black"
Erode,Guards,"Red Loamy, Black"
Erode,Tomato,"Red Loamy, Black"
Erode,Tea,"Red Loamy, Black"
Erode,Coffee,"Red Loamy, Black"
Erode,Coconut,"Red Loamy, Black"
Erode,Gloriosa,"Red Loamy, Black"
Erode,Flowers,"Red Loamy, Black"
Erode,Tapioca,"Red Loamy, Black"
Erode,Jasmine,"Red Loamy, Black"
Erode,Rose,"Red Loamy, Black"
Erode,Vegetables,"Red Loamy, Black"
Coimbatore,Sorghum,"Red Loamy, Black"
Coimbatore,Pulses,"Red Loamy, Black"
Coimbatore,Groundnut,"Red Loamy, Black"
Coimbatore,Rice,"Red Loamy, Black"
Coimbatore,Millets,"Red Loamy, Black"
Coimbatore,Cumbu,"Red Loamy, Black"
Coimbatore,Cotton,"Red Loamy, Black"
Coimbatore,Sugarcane,"Red Loamy, Black"
Coimbatore,Ragi,"Red Loamy, Black"
Coimbatore,Black Gram,"Red Loamy, Black"
Coimbatore,Sunflower,"Red Loamy, Black"
Coimbatore,Green Gram,"Red Loamy, Black"
Coimbatore,Gingelly,"Red Loamy, Black"
Coimbatore,Red Gram,"Red Loamy, Black"
Coimbatore,Turmeric,"Red Loamy, Black"
Coimbatore,Maize,"Red Loamy, Black"
Coimbatore,Banana,"Red Loamy, Black"
Coimbatore,Onion,"Red Loamy, Black"
Coimbatore,Castor,"Red Loamy, Black"
Coimbatore,Tobacco,"Red Loamy, Black"
Coimbatore,Guava,"Red Loamy, Black"
Coimbatore,Guards,"Red Loamy, Black"
Coimbatore,Tomato,"Red Loamy, Black"
Coimbatore,Tea,"Red Loamy, Black"
Coimbatore,Coffee,"Red Loamy, Black"
Coimbatore,Coconut,"Red Loamy, Black"
Coimbatore,Gloriosa,"Red Loamy, Black"
Coimbatore,Flowers,"Red Loamy, Black"
Coimbatore,Tapioca,"Red Loamy, Black"
Coimbatore,Jasmine,"Red Loamy, Black"
Coimbatore,Rose,"Red Loamy, Black"
Coimbatore,Vegetables,"Red Loamy, Black"
Karur,Sorghum,"Red Loamy, Black"
Karur,Pulses,"Red Loamy, Black"
Karur,Groundnut,"Red Loamy, Black"
Karur,Rice,"Red Loamy, Black"
Karur,Millets,"Red Loamy, Black"
Karur,Cumbu,"Red Loamy, Black"
Karur,Cotton,"Red Loamy, Black"
Karur,Sugarcane,"Red Loamy, Black"
Karur,Ragi,"Red Loamy, Black"
Karur,Black Gram,"Red Loamy, Black"
Karur,Sunflower,"Red Loamy, Black"
Karur,Green Gram,"Red Loamy, Black"
Karur,Gingelly,"Red Loamy, Black"
Karur,Red Gram,"Red Loamy, Black"
Karur,Turmeric,"Red Loamy, Black"
Karur,Maize,"Red Loamy, Black"
Karur,Banana,"Red Loamy, Black"
Karur,Onion,"Red Loamy, Black"
Karur,Castor,"Red Loamy, Black"
Karur,Tobacco,"Red Loamy, Black"
Karur,Guava,"Red Loamy, Black"
Karur,Guards,"Red Loamy, Black"
Karur,Tomato,"Red Loamy, Black"
Karur,Tea,"Red Loamy, Black"
Karur,Coffee,"Red Loamy, Black"
Karur,Coconut,"Red Loamy, Black"
Karur,Gloriosa,"Red Loamy, Black"
Karur,Flowers,"Red Loamy, Black"
Karur,Tapioca,"Red Loamy, Black"
Karur,Jasmine,"Red Loamy, Black"
Karur,Rose,"Red Loamy, Black"
Karur,Vegetables,"Red Loamy, Black"
Namakkal,Sorghum,"Non Calcareous Red, Non Calcareous Brown, Calcareous Black"
Namakkal,Pulses,"Non Calcareous Red, Non Calcareous Brown, Calcareous Black"
Namakkal,Groundnut,"Non Calcareous Red, Non Calcareous Brown, Calcareous Black"
Namakkal,Rice,"Non Calcareous Red, Non Calcareous Brown, Calcareous Black"
Namakkal,Millets,"Non Calcareous Red, Non Calcareous Brown, Calcareous Black"
Namakkal,Cumbu,"Non Calcareous Red, Non Calcareous Brown, Calcareous Black"
Namakkal,Cotton,"Non Calcareous Red, Non Calcareous Brown, Calcareous Black"
Namakkal,Sugarcane,"Non Calcareous Red, Non Calcareous Brown, Calcareous Black"
Namakkal,Ragi,"Non Calcareous Red, Non Calcareous Brown, Calcareous Black"
Namakkal,Black Gram,"Non Calcareous Red, Non Calcareous Brown, Calcareous Black"
Namakkal,Sunflower,"Non Calcareous Red, Non Calcareous Brown, Calcareous Black"
Namakkal,Green Gram,"Non Calcareous Red, Non Calcareous Brown, Calcareous Black"
Namakkal,Gingelly,"Non Calcareous Red, Non Calcareous Brown, Calcareous Black"
Namakkal,Red Gram,"Non Calcareous Red, Non Calcareous Brown, Calcareous Black"
Namakkal,Turmeric,"Non Calcareous Red, Non Calcareous Brown, Calcareous Black"
Namakkal,Maize,"Non Calcareous Red, Non Calcareous Brown, Calcareous Black"
Namakkal,Banana,"Non Calcareous Red, Non Calcareous Brown, Calcareous Black"
Namakkal,Onion,"Non Calcareous Red, Non Calcareous Brown, Calcareous Black"
Namakkal,Castor,"Non Calcareous Red, Non Calcareous Brown, Calcareous Black"
Namakkal,Tobacco,"Non Calcareous Red, Non Calcareous Brown, Calcareous Black"
Namakkal,Guava,"Non Calcareous Red, Non Calcareous Brown, Calcareous Black"
Namakkal,Guards,"Non Calcareous Red, Non Calcareous Brown, Calcareous Black"
Namakkal,Tomato,"Non Calcareous Red, Non Calcareous Brown, Calcareous Black"
Namakkal,Tea,"Non Calcareous Red, Non Calcareous Brown, Calcareous Black"
Namakkal,Coffee,"Non Calcareous Red, Non Calcareous Brown, Calcareous Black"
Namakkal,Coconut,"Non Calcareous Red, Non Calcareous Brown, Calcareous Black"
Namakkal,Gloriosa,"Non Calcareous Red, Non Calcareous Brown, Calcareous Black"
Namakkal,Flowers,"Non Calcareous Red, Non Calcareous Brown, Calcareous Black"
Namakkal,Tapioca,"Non Calcareous Red, Non Calcareous Brown, Calcareous Black"
Namakkal,Jasmine,"Non Calcareous Red, Non Calcareous Brown, Calcareous Black"
Namakkal,Rose,"Non Calcareous Red, Non Calcareous Brown, Calcareous Black"
Namakkal,Vegetables,"Non Calcareous Red, Non Calcareous Brown, Calcareous Black"
Dindigul,Sorghum,"Red Loamy, Black"
Dindigul,Pulses,"Red Loamy, Black"
Dindigul,Groundnut,"Red Loamy, Black"
Dindigul,Rice,"Red Loamy, Black"
Dindigul,Millets,"Red Loamy, Black"
Dindigul,Cumbu,"Red Loamy, Black"
Dindigul,Cotton,"Red Loamy, Black"
Dindigul,Sugarcane,"Red Loamy, Black"
Dindigul,Ragi,"Red Loamy, Black"
Dindigul,Black Gram,"Red Loamy, Black"
Dindigul,Sunflower,"Red Loamy, Black"
Dindigul,Green Gram,"Red Loamy, Black"
Dindigul,Gingelly,"Red Loamy, Black"
Dindigul,Red Gram,"Red Loamy, Black"
Dindigul,Turmeric,"Red Loamy, Black"
Dindigul,Maize,"Red Loamy, Black"
Dindigul,Banana,"Red Loamy, Black"
Dindigul,Onion,"Red Loamy, Black"
Dindigul,Castor,"Red Loamy, Black"
Dindigul,Tobacco,"Red Loamy, Black"
Dindigul,Guava,"Red Loamy, Black"
Dindigul,Guards,"Red Loamy, Black"
Dindigul,Tomato,"Red Loamy, Black"
Dindigul,Tea,"Red Loamy, Black"
Dindigul,Coffee,"Red Loamy, Black"
Dindigul,Coconut,"Red Loamy, Black"
Dindigul,Gloriosa,"Red Loamy, Black"
Dindigul,Flowers,"Red Loamy, Black"
Dindigul,Tapioca,"Red Loamy, Black"
Dindigul,Jasmine,"Red Loamy, Black"
Dindigul,Rose,"Red Loamy, Black"
Dindigul,Vegetables,"Red Loamy, Black"
Theni,Sorghum,"Red Loamy, Black"
Theni,Pulses,"Red Loamy, Black"
Theni,Groundnut,"Red Loamy, Black"
Theni,Rice,"Red Loamy, Black"
Theni,Millets,"Red Loamy, Black"
Theni,Cumbu,"Red Loamy, Black"
Theni,Cotton,"Red Loamy, Black"
Theni,Sugarcane,"Red Loamy, Black"
Theni,Ragi,"Red Loamy, Black"
Theni,Black Gram,"Red Loamy, Black"
Theni,Sunflower,"Red Loamy, Black"
Theni,Green Gram,"Red Loamy, Black"
Theni,Gingelly,"Red Loamy, Black"
Theni,Red Gram,"Red Loamy, Black"
Theni,Turmeric,"Red Loamy, Black"
Theni,Maize,"Red Loamy, Black"
Theni,Banana,"Red Loamy, Black"
Theni,Onion,"Red Loamy, Black"
Theni,Castor,"Red Loamy, Black"
Theni,Tobacco,"Red Loamy, Black"
Theni,Guava,"Red Loamy, Black"
Theni,Guards,"Red Loamy, Black"
Theni,Tomato,"Red Loamy, Black"
Theni,Tea,"Red Loamy, Black"
Theni,Coffee,"Red Loamy, Black"
Theni,Coconut,"Red Loamy, Black"
Theni,Gloriosa,"Red Loamy, Black"
Theni,Flowers,"Red Loamy, Black"
Theni,Tapioca,"Red Loamy, Black"
Theni,Jasmine,"Red Loamy, Black"
Theni,Rose,"Red Loamy, Black"
Theni,Vegetables,"Red Loamy, Black"
Trichy,Rice,"Red Loamy, Alluvium"
Trichy,Cumbu,"Red Loamy, Alluvium"
Trichy,Maize,"Red Loamy, Alluvium"
Trichy,Cholam,"Red Loamy, Alluvium"
Trichy,Ragi,"Red Loamy, Alluvium"
Trichy,Black Gram,"Red Loamy, Alluvium"
Trichy,Green Gram,"Red Loamy, Alluvium"
Trichy,Coconut,"Red Loamy, Alluvium"
Trichy,Gingelly,"Red Loamy, Alluvium"
Trichy,Castor,"Red Loamy, Alluvium"
Trichy,Groundnut,"Red Loamy, Alluvium"
Trichy,Banana,"Red Loamy, Alluvium"
Trichy,Onion,"Red Loamy, Alluvium"
Trichy,Cashew,"Red Loamy, Alluvium"
Trichy,Betel vine,"Red Loamy, Alluvium"
Trichy,Citrus,"Red Loamy, Alluvium"
Trichy,Jack,"Red Loamy, Alluvium"
Trichy,Vegetables,"Red Loamy, Alluvium"
Perambalur,Rice,"Red Loamy, Black"
Perambalur,Cumbu,"Red Loamy, Black"
Perambalur,Maize,"Red Loamy, Black"
Perambalur,Cholam,"Red Loamy, Black"
Perambalur,Ragi,"Red Loamy, Black"
Perambalur,Black Gram,"Red Loamy, Black"
Perambalur,Green Gram,"Red Loamy, Black"
Perambalur,Coconut,"Red Loamy, Black"
Perambalur,Gingelly,"Red Loamy, Black"
Perambalur,Castor,"Red Loamy, Black"
Perambalur,Groundnut,"Red Loamy, Black"
Perambalur,Banana,"Red Loamy, Black"
Perambalur,Onion,"Red Loamy, Black"
Perambalur,Cashew,"Red Loamy, Black"
Perambalur,Betel vine,"Red Loamy, Black"
Perambalur,Citrus,"Red Loamy, Black"
Perambalur,Jack,"Red Loamy, Black"
Perambalur,Vegetables,"Red Loamy, Black"
Pudukkottai,Rice,"Red Loamy, Alluvium"
Pudukkottai,Cumbu,"Red Loamy, Alluvium"
Pudukkottai,Maize,"Red Loamy, Alluvium"
Pudukkottai,Cholam,"Red Loamy, Alluvium"
Pudukkottai,Ragi,"Red Loamy, Alluvium"
Pudukkottai,Black Gram,"Red Loamy, Alluvium"
Pudukkottai,Green Gram,"Red Loamy, Alluvium"
Pudukkottai,Coconut,"Red Loamy, Alluvium"
Pudukkottai,Gingelly,"Red Loamy, Alluvium"
Pudukkottai,Castor,"Red Loamy, Alluvium"
Pudukkottai,Groundnut,"Red Loamy, Alluvium"
Pudukkottai,Banana,"Red Loamy, Alluvium"
Pudukkottai,Onion,"Red Loamy, Alluvium"
Pudukkottai,Cashew,"Red Loamy, Alluvium"
Pudukkottai,Betel vine,"Red Loamy, Alluvium"
Pudukkottai,Citrus,"Red Loamy, Alluvium"
Pudukkottai,Jack,"Red Loamy, Alluvium"
Pudukkottai,Vegetables,"Red Loamy, Alluvium"
Thanjavur,Rice,"Red Loamy, Alluvium"
Thanjavur,Cumbu,"Red Loamy, Alluvium"
Thanjavur,Maize,"Red Loamy, Alluvium"
Thanjavur,Cholam,"Red Loamy, Alluvium"
Thanjavur,Ragi,"Red Loamy, Alluvium"
Thanjavur,Black Gram,"Red Loamy, Alluvium"
Thanjavur,Green Gram,"Red Loamy, Alluvium"
Thanjavur,Coconut,"Red Loamy, Alluvium"
Thanjavur,Gingelly,"Red Loamy, Alluvium"
Thanjavur,Castor,"Red Loamy, Alluvium"
Thanjavur,Groundnut,"Red Loamy, Alluvium"
Thanjavur,Banana,"Red Loamy, Alluvium"
Thanjavur,Onion,"Red Loamy, Alluvium"
Thanjavur,Cashew,"Red Loamy, Alluvium"
Thanjavur,Betel vine,"Red Loamy, Alluvium"
Thanjavur,Citrus,"Red Loamy, Alluvium"
Thanjavur,Jack,"Red Loamy, Alluvium"
Thanjavur,Vegetables,"Red Loamy, Alluvium"
Nagapattinam,Rice,"Red Loamy, Alluvium"
Nagapattinam,Cumbu,"Red Loamy, Alluvium"
Nagapattinam,Maize,"Red Loamy, Alluvium"
Nagapattinam,Cholam,"Red Loamy, Alluvium"
Nagapattinam,Ragi,"Red Loamy, Alluvium"
Nagapattinam,Black Gram,"Red Loamy, Alluvium"
Nagapattinam,Green Gram,"Red Loamy, Alluvium"
Nagapattinam,Coconut,"Red Loamy, Alluvium"
Nagapattinam,Gingelly,"Red Loamy, Alluvium"
Nagapattinam,Castor,"Red Loamy, Alluvium"
Nagapattinam,Groundnut,"Red Loamy, Alluvium"
Nagapattinam,Banana,"Red Loamy, Alluvium"
Nagapattinam,Onion,"Red Loamy, Alluvium"
Nagapattinam,Cashew,"Red Loamy, Alluvium"
Nagapattinam,Betel vine,"Red Loamy, Alluvium"
Nagapattinam,Citrus,"Red Loamy, Alluvium"
Nagapattinam,Jack,"Red Loamy, Alluvium"
Nagapattinam,Vegetables,"Red Loamy, Alluvium"
Mayiladuthurai,Rice,"Red Loamy, Alluvium"
Mayiladuthurai,Cumbu,"Red Loamy, Alluvium"
Mayiladuthurai,Maize,"Red Loamy, Alluvium"
Mayiladuthurai,Cholam,"Red Loamy, Alluvium"
Mayiladuthurai,Ragi,"Red Loamy, Alluvium"
Mayiladuthurai,Black Gram,"Red Loamy, Alluvium"
Mayiladuthurai,Green Gram,"Red Loamy, Alluvium"
Mayiladuthurai,Coconut,"Red Loamy, Alluvium"
Mayiladuthurai,Gingelly,"Red Loamy, Alluvium"
Mayiladuthurai,Castor,"Red Loamy, Alluvium"
Mayiladuthurai,Groundnut,"Red Loamy, Alluvium"
Mayiladuthurai,Banana,"Red Loamy, Alluvium"
Mayiladuthurai,Onion,"Red Loamy, Alluvium"
Mayiladuthurai,Cashew,"Red Loamy, Alluvium"
Mayiladuthurai,Betel vine,"Red Loamy, Alluvium"
Mayiladuthurai,Citrus,"Red Loamy, Alluvium"
Mayiladuthurai,Jack,"Red Loamy, Alluvium"
Mayiladuthurai,Vegetables,"Red Loamy, Alluvium"
Tiruvarur,Rice,"Red Loamy, Alluvium"
Tiruvarur,Cumbu,"Red Loamy, Alluvium"
Tiruvarur,Maize,"Red Loamy, Alluvium"
Tiruvarur,Cholam,"Red Loamy, Alluvium"
Tiruvarur,Ragi,"Red Loamy, Alluvium"
Tiruvarur,Black Gram,"Red Loamy, Alluvium"
Tiruvarur,Green Gram,"Red Loamy, Alluvium"
Tiruvarur,Coconut,"Red Loamy, Alluvium"
Tiruvarur,Gingelly,"Red Loamy, Alluvium"
Tiruvarur,Castor,"Red Loamy, Alluvium"
Tiruvarur,Groundnut,"Red Loamy, Alluvium"
Tiruvarur,Banana,"Red Loamy, Alluvium"
Tiruvarur,Onion,"Red Loamy, Alluvium"
Tiruvarur,Cashew,"Red Loamy, Alluvium"
Tiruvarur,Betel vine,"Red Loamy, Alluvium"
Tiruvarur,Citrus,"Red Loamy, Alluvium"
Tiruvarur,Jack,"Red Loamy, Alluvium"
Tiruvarur,Vegetables,"Red Loamy, Alluvium"
Cuddalore,Rice,"Red Sandy Loam, Clay Loam, Saline Coastal Alluvium"
Cuddalore,Cumbu,"Red Sandy Loam, Clay Loam, Saline Coastal Alluvium"
Cuddalore,Maize,"Red Sandy Loam, Clay Loam, Saline Coastal Alluvium"
Cuddalore,Cholam,"Red Sandy Loam, Clay Loam, Saline Coastal Alluvium"
Cuddalore,Ragi,"Red Sandy Loam, Clay Loam, Saline Coastal Alluvium"
Cuddalore,Black Gram,"Red Sandy Loam, Clay Loam, Saline Coastal Alluvium"
Cuddalore,Green Gram,"Red Sandy Loam, Clay Loam, Saline Coastal Alluvium"
Cuddalore,Coconut,"Red Sandy Loam, Clay Loam, Saline Coastal Alluvium"
Cuddalore,Gingelly,"Red Sandy Loam, Clay Loam, Saline Coastal Alluvium"
Cuddalore,Castor,"Red Sandy Loam, Clay Loam, Saline Coastal Alluvium"
Cuddalore,Groundnut,"Red Sandy Loam, Clay Loam, Saline Coastal Alluvium"
Cuddalore,Banana,"Red Sandy Loam, Clay Loam, Saline Coastal Alluvium"
Cuddalore,Onion,"Red Sandy Loam, Clay Loam, Saline Coastal Alluvium"
Cuddalore,Cashew,"Red Sandy Loam, Clay Loam, Saline Coastal Alluvium"
Cuddalore,Betel vine,"Red Sandy Loam, Clay Loam, Saline Coastal Alluvium"
Cuddalore,Citrus,"Red Sandy Loam, Clay Loam, Saline Coastal Alluvium"
Cuddalore,Jack,"Red Sandy Loam, Clay Loam, Saline Coastal Alluvium"
Cuddalore,Vegetables,"Red Sandy Loam, Clay Loam, Saline Coastal Alluvium"
Madurai,Rice,"Coastal Alluvium, Black, Red Sandy Soil, Deep Red Soil"
Madurai,Maize,"Coastal Alluvium, Black, Red Sandy Soil, Deep Red Soil"
Madurai,Cumbu,"Coastal Alluvium, Black, Red Sandy Soil, Deep Red Soil"
Madurai,Cholam,"Coastal Alluvium, Black, Red Sandy Soil, Deep Red Soil"
Madurai,Ragi,"Coastal Alluvium, Black, Red Sandy Soil, Deep Red Soil"
Madurai,Black Gram,"Coastal Alluvium, Black, Red Sandy Soil, Deep Red Soil"
Madurai,Greengram,"Coastal Alluvium, Black, Red Sandy Soil, Deep Red Soil"
Madurai,Groundnut,"Coastal Alluvium, Black, Red Sandy Soil, Deep Red Soil"
Madurai,Fodder Crops,"Coastal Alluvium, Black, Red Sandy Soil, Deep Red Soil"
Madurai,Gingelly,"Coastal Alluvium, Black, Red Sandy Soil, Deep Red Soil"
Madurai,Castor,"Coastal Alluvium, Black, Red Sandy Soil, Deep Red Soil"
Madurai,Cotton,"Coastal Alluvium, Black, Red Sandy Soil, Deep Red Soil"
Madurai,Chillies,"Coastal Alluvium, Black, Red Sandy Soil, Deep Red Soil"
Madurai,Banana,"Coastal Alluvium, Black, Red Sandy Soil, Deep Red Soil"
Madurai,Jasmine,"Coastal Alluvium, Black, Red Sandy Soil, Deep Red Soil"
Madurai,Coriander,"Coastal Alluvium, Black, Red Sandy Soil, Deep Red Soil"
Madurai,Onion,"Coastal Alluvium, Black, Red Sandy Soil, Deep Red Soil"
Madurai,Lime,"Coastal Alluvium, Black, Red Sandy Soil, Deep Red Soil"
Madurai,Cashew,"Coastal Alluvium, Black, Red Sandy Soil, Deep Red Soil"
Madurai,Amla,"Coastal Alluvium, Black, Red Sandy Soil, Deep Red Soil"
Sivagangai,Rice,"Coastal Alluvium, Black, Red Sandy Soil, Deep Red Soil"
Sivagangai,Maize,"Coastal Alluvium, Black, Red Sandy Soil, Deep Red Soil"
Sivagangai,Cumbu,"Coastal Alluvium, Black, Red Sandy Soil, Deep Red Soil"
Sivagangai,Cholam,"Coastal Alluvium, Black, Red Sandy Soil, Deep Red Soil"
Sivagangai,Ragi,"Coastal Alluvium, Black, Red Sandy Soil, Deep Red Soil"
Sivagangai,Black Gram,"Coastal Alluvium, Black, Red Sandy Soil, Deep Red Soil"
Sivagangai,Greengram,"Coastal Alluvium, Black, Red Sandy Soil, Deep Red Soil"
Sivagangai,Groundnut,"Coastal Alluvium, Black, Red Sandy Soil, Deep Red Soil"
Sivagangai,Fodder Crops,"Coastal Alluvium, Black, Red Sandy Soil, Deep Red Soil"
Sivagangai,Gingelly,"Coastal Alluvium, Black, Red Sandy Soil, Deep Red Soil"
Sivagangai,Castor,"Coastal Alluvium, Black, Red Sandy Soil, Deep Red Soil"
Sivagangai,Cotton,"Coastal Alluvium, Black, Red Sandy Soil, Deep Red Soil"
Sivagangai,Chillies,"Coastal Alluvium, Black, Red Sandy Soil, Deep Red Soil"
Sivagangai,Banana,"Coastal Alluvium, Black, Red Sandy Soil, Deep Red Soil"
Sivagangai,Jasmine,"Coastal Alluvium, Black, Red Sandy Soil, Deep Red Soil"
Sivagangai,Coriander,"Coastal Alluvium, Black, Red Sandy Soil, Deep Red Soil"
Sivagangai,Onion,"Coastal Alluvium, Black, Red Sandy Soil, Deep Red Soil"
Sivagangai,Lime,"Coastal Alluvium, Black, Red Sandy Soil, Deep Red Soil"
Sivagangai,Cashew,"Coastal Alluvium, Black, Red Sandy Soil, Deep Red Soil"
Sivagangai,Amla,"Coastal Alluvium, Black, Red Sandy Soil, Deep Red Soil"
Ramanathapuram,Rice,"Coastal Alluvium, Black, Red Sandy Soil, Deep Red Soil"
Ramanathapuram,Maize,"Coastal Alluvium, Black, Red Sandy Soil, Deep Red Soil"
Ramanathapuram,Cumbu,"Coastal Alluvium, Black, Red Sandy Soil, Deep Red Soil"
Ramanathapuram,Cholam,"Coastal Alluvium, Black, Red Sandy Soil, Deep Red Soil"
Ramanathapuram,Ragi,"Coastal Alluvium, Black, Red Sandy Soil, Deep Red Soil"
Ramanathapuram,Black Gram,"Coastal Alluvium, Black, Red Sandy Soil, Deep Red Soil"
Ramanathapuram,Greengram,"Coastal Alluvium, Black, Red Sandy Soil, Deep Red Soil"
Ramanathapuram,Groundnut,"Coastal Alluvium, Black, Red Sandy Soil, Deep Red Soil"
Ramanathapuram,Fodder Crops,"Coastal Alluvium, Black, Red Sandy Soil, Deep Red Soil"
Ramanathapuram,Gingelly,"Coastal Alluvium, Black, Red Sandy Soil, Deep Red Soil"
Ramanathapuram,Castor,"Coastal Alluvium, Black, Red Sandy Soil, Deep Red Soil"
Ramanathapuram,Cotton,"Coastal Alluvium, Black, Red Sandy Soil, Deep Red Soil"
Ramanathapuram,Chillies,"Coastal Alluvium, Black, Red Sandy Soil, Deep Red Soil"
Ramanathapuram,Banana,"Coastal Alluvium, Black, Red Sandy Soil, Deep Red Soil"
Ramanathapuram,Jasmine,"Coastal Alluvium, Black, Red Sandy Soil, Deep Red Soil"
Ramanathapuram,Coriander,"Coastal Alluvium, Black, Red Sandy Soil, Deep Red Soil"
Ramanathapuram,Onion,"Coastal Alluvium, Black, Red Sandy Soil, Deep Red Soil"
Ramanathapuram,Lime,"Coastal Alluvium, Black, Red Sandy Soil, Deep Red Soil"
Ramanathapuram,Cashew,"Coastal Alluvium, Black, Red Sandy Soil, Deep Red Soil"
Ramanathapuram,Amla,"Coastal Alluvium, Black, Red Sandy Soil, Deep Red Soil"
Virudhunagar,Rice,"Coastal Alluvium, Black, Red Sandy Soil, Deep Red Soil"
Virudhunagar,Maize,"Coastal Alluvium, Black, Red Sandy Soil, Deep Red Soil"
Virudhunagar,Cumbu,"Coastal Alluvium, Black, Red Sandy Soil, Deep Red Soil"
Virudhunagar,Cholam,"Coastal Alluvium, Black, Red Sandy Soil, Deep Red Soil"
Virudhunagar,Ragi,"Coastal Alluvium, Black, Red Sandy Soil, Deep Red Soil"
Virudhunagar,Black Gram,"Coastal Alluvium, Black, Red Sandy Soil, Deep Red Soil"
Virudhunagar,Greengram,"Coastal Alluvium, Black, Red Sandy Soil, Deep Red Soil"
Virudhunagar,Groundnut,"Coastal Alluvium, Black, Red Sandy Soil, Deep Red Soil"
Virudhunagar,Fodder Crops,"Coastal Alluvium, Black, Red Sandy Soil, Deep Red Soil"
Virudhunagar,Gingelly,"Coastal Alluvium, Black, Red Sandy Soil, Deep Red Soil"
Virudhunagar,Castor,"Coastal Alluvium, Black, Red Sandy Soil, Deep Red Soil"
Virudhunagar,Cotton,"Coastal Alluvium, Black, Red Sandy Soil, Deep Red Soil"
Virudhunagar,Chillies,"Coastal Alluvium, Black, Red Sandy Soil, Deep Red Soil"
Virudhunagar,Banana,"Coastal Alluvium, Black, Red Sandy Soil, Deep Red Soil"
Virudhunagar,Jasmine,"Coastal Alluvium, Black, Red Sandy Soil, Deep Red Soil"
Virudhunagar,Coriander,"Coastal Alluvium, Black, Red Sandy Soil, Deep Red Soil"
Virudhunagar,Onion,"Coastal Alluvium, Black, Red Sandy Soil, Deep Red Soil"
Virudhunagar,Lime,"Coastal Alluvium, Black, Red Sandy Soil, Deep Red Soil"
Virudhunagar,Cashew,"Coastal Alluvium, Black, Red Sandy Soil, Deep Red Soil"
Virudhunagar,Amla,"Coastal Alluvium, Black, Red Sandy Soil, Deep Red Soil"
Tirunelveli,Rice,"Coastal Alluvium, Black, Red Sandy Soil, Deep Red Soil"
Tirunelveli,Maize,"Coastal Alluvium, Black, Red Sandy Soil, Deep Red Soil"
Tirunelveli,Cumbu,"Coastal Alluvium, Black, Red Sandy Soil, Deep Red Soil"
Tirunelveli,Cholam,"Coastal Alluvium, Black, Red Sandy Soil, Deep Red Soil"
Tirunelveli,Ragi,"Coastal Alluvium, Black, Red Sandy Soil, Deep Red Soil"
Tirunelveli,Black Gram,"Coastal Alluvium, Black, Red Sandy Soil, Deep Red Soil"
Tirunelveli,Greengram,"Coastal Alluvium, Black, Red Sandy Soil, Deep Red Soil"
Tirunelveli,Groundnut,"Coastal Alluvium, Black, Red Sandy Soil, Deep Red Soil"
Tirunelveli,Fodder Crops,"Coastal Alluvium, Black, Red Sandy Soil, Deep Red Soil"
Tirunelveli,Gingelly,"Coastal Alluvium, Black, Red Sandy Soil, Deep Red Soil"
Tirunelveli,Castor,"Coastal Alluvium, Black, Red Sandy Soil, Deep Red Soil"
Tirunelveli,Cotton,"Coastal Alluvium, Black, Red Sandy Soil, Deep Red Soil"
Tirunelveli,Chillies,"Coastal Alluvium, Black, Red Sandy Soil, Deep Red Soil"
Tirunelveli,Banana,"Coastal Alluvium, Black, Red Sandy Soil, Deep Red Soil"
Tirunelveli,Jasmine,"Coastal Alluvium, Black, Red Sandy Soil, Deep Red Soil"
Tirunelveli,Coriander,"Coastal Alluvium, Black, Red Sandy Soil, Deep Red Soil"
Tirunelveli,Onion,"Coastal Alluvium, Black, Red Sandy Soil, Deep Red Soil"
Tirunelveli,Lime,"Coastal Alluvium, Black, Red Sandy Soil, Deep Red Soil"
Tirunelveli,Cashew,"Coastal Alluvium, Black, Red Sandy Soil, Deep Red Soil"
Tirunelveli,Amla,"Coastal Alluvium, Black, Red Sandy Soil, Deep Red Soil"
Tenkasi,Rice,"Coastal Alluvium, Black, Red Sandy Soil, Deep Red Soil"
Tenkasi,Maize,"Coastal Alluvium, Black, Red Sandy Soil, Deep Red Soil"
Tenkasi,Cumbu,"Coastal Alluvium, Black, Red Sandy Soil, Deep Red Soil"
Tenkasi,Cholam,"Coastal Alluvium, Black, Red Sandy Soil, Deep Red Soil"
Tenkasi,Ragi,"Coastal Alluvium, Black, Red Sandy Soil, Deep Red Soil"
Tenkasi,Black Gram,"Coastal Alluvium, Black, Red Sandy Soil, Deep Red Soil"
Tenkasi,Greengram,"Coastal Alluvium, Black, Red Sandy Soil, Deep Red Soil"
Tenkasi,Groundnut,"Coastal Alluvium, Black, Red Sandy Soil, Deep Red Soil"
Tenkasi,Fodder Crops,"Coastal Alluvium, Black, Red Sandy Soil, Deep Red Soil"
Tenkasi,Gingelly,"Coastal Alluvium, Black, Red Sandy Soil, Deep Red Soil"
Tenkasi,Castor,"Coastal Alluvium, Black, Red Sandy Soil, Deep Red Soil"
Tenkasi,Cotton,"Coastal Alluvium, Black, Red Sandy Soil, Deep Red Soil"
Tenkasi,Chillies,"Coastal Alluvium, Black, Red Sandy Soil, Deep Red Soil"
Tenkasi,Banana,"Coastal Alluvium, Black, Red Sandy Soil, Deep Red Soil"
Tenkasi,Jasmine,"Coastal Alluvium, Black, Red Sandy Soil, Deep Red Soil"
Tenkasi,Coriander,"Coastal Alluvium, Black, Red Sandy Soil, Deep Red Soil"
Tenkasi,Onion,"Coastal Alluvium, Black, Red Sandy Soil, Deep Red Soil"
Tenkasi,Lime,"Coastal Alluvium, Black, Red Sandy Soil, Deep Red Soil"
Tenkasi,Cashew,"Coastal Alluvium, Black, Red Sandy Soil, Deep Red Soil"
Tenkasi,Amla,"Coastal Alluvium, Black, Red Sandy Soil, Deep Red Soil"
Thoothukudi,Rice,"Coastal Alluvium, Black, Red Sandy Soil, Deep Red Soil"
Thoothukudi,Maize,"Coastal Alluvium, Black, Red Sandy Soil, Deep Red Soil"
Thoothukudi,Cumbu,"Coastal Alluvium, Black, Red Sandy Soil, Deep Red Soil"
Thoothukudi,Cholam,"Coastal Alluvium, Black, Red Sandy Soil, Deep Red Soil"
Thoothukudi,Ragi,"Coastal Alluvium, Black, Red Sandy Soil, Deep Red Soil"
Thoothukudi,Black Gram,"Coastal Alluvium, Black, Red Sandy Soil, Deep Red Soil"
Thoothukudi,Greengram,"Coastal Alluvium, Black, Red Sandy Soil, Deep Red Soil"
Thoothukudi,Groundnut,"Coastal Alluvium, Black, Red Sandy Soil, Deep Red Soil"
Thoothukudi,Fodder Crops,"Coastal Alluvium, Black, Red Sandy Soil, Deep Red Soil"
Thoothukudi,Gingelly,"Coastal Alluvium, Black, Red Sandy Soil, Deep Red Soil"
Thoothukudi,Castor,"Coastal Alluvium, Black, Red Sandy Soil, Deep Red Soil"
Thoothukudi,Cotton,"Coastal Alluvium, Black, Red Sandy Soil, Deep Red Soil"
Thoothukudi,Chillies,"Coastal Alluvium, Black, Red Sandy Soil, Deep Red Soil"
Thoothukudi,Banana,"Coastal Alluvium, Black, Red Sandy Soil, Deep Red Soil"
Thoothukudi,Jasmine,"Coastal Alluvium, Black, Red Sandy Soil, Deep Red Soil"
Thoothukudi,Coriander,"Coastal Alluvium, Black, Red Sandy Soil, Deep Red Soil"
Thoothukudi,Onion,"Coastal Alluvium, Black, Red Sandy Soil, Deep Red Soil"
Thoothukudi,Lime,"Coastal Alluvium, Black, Red Sandy Soil, Deep Red Soil"
Thoothukudi,Cashew,"Coastal Alluvium, Black, Red Sandy Soil, Deep Red Soil"
Thoothukudi,Amla,"Coastal Alluvium, Black, Red Sandy Soil, Deep Red Soil"
Kanyakumari,Rice,"Saline Coastal, Alluvium, Deep Red Loam"
Kanyakumari,Banana,"Saline Coastal, Alluvium, Deep Red Loam"
Kanyakumari,Jackfruit,"Saline Coastal, Alluvium, Deep Red Loam"
Kanyakumari,Mango,"Saline Coastal, Alluvium, Deep Red Loam"
Kanyakumari,Tapioca,"Saline Coastal, Alluvium, Deep Red Loam"
Kanyakumari,Cashew nut,"Saline Coastal, Alluvium, Deep Red Loam"
Kanyakumari,Coconut,"Saline Coastal, Alluvium, Deep Red Loam"
Kanyakumari,Clove,"Saline Coastal, Alluvium, Deep Red Loam"
Kanyakumari,Vegetables,"Saline Coastal, Alluvium, Deep Red Loam"
Kanyakumari,Tamarind,"Saline Coastal, Alluvium, Deep Red Loam"
Nilgiris,Wheat,Lateritic
Nilgiris,Garlic,Lateritic
Nilgiris,Lemon,Lateritic
Nilgiris,Lime,Lateritic
Nilgiris,Pomegranate,Lateritic
Nilgiris,Pineapple,Lateritic
Nilgiris,Beans,Lateritic
Nilgiris,Beetroot,Lateritic
Nilgiris,Cabbage,Lateritic
Nilgiris,Chowchow,Lateritic
Nilgiris,Cotton,Lateritic
Nilgiris,Pepper,Lateritic
Nilgiris,Coffee,Lateritic
Nilgiris,Potato,Lateritic
Nilgiris,Banana,Lateritic
Nilgiris,Mandarin,Lateritic
Nilgiris,Orange,Lateritic
Nilgiris,Pear,Lateritic
Nilgiris,Cardamom,Lateritic
Nilgiris,Cutflowers,Lateritic
Nilgiris,Strawberry,Lateritic
Nilgiris,Avocado,Lateritic
Nilgiris,Tea,Lateritic
Nilgiris,Ginger,Lateritic
Kodaikanal,Wheat,Lateritic
Kodaikanal,Garlic,Lateritic
Kodaikanal,Lemon,Lateritic
Kodaikanal,Lime,Lateritic
Kodaikanal,Pomegranate,Lateritic
Kodaikanal,Pineapple,Lateritic
Kodaikanal,Beans,Lateritic
Kodaikanal,Beetroot,Lateritic
Kodaikanal,Cabbage,Lateritic
Kodaikanal,Chowchow,Lateritic
Kodaikanal,Cotton,Lateritic
Kodaikanal,Pepper,Lateritic
Kodaikanal,Coffee,Lateritic
Kodaikanal,Potato,Lateritic
Kodaikanal,Banana,Lateritic
Kodaikanal,Mandarin,Lateritic
Kodaikanal,Orange,Lateritic
Kodaikanal,Pear,Lateritic
Kodaikanal,Cardamom,Lateritic
Kodaikanal,Cutflowers,Lateritic
Kodaikanal,Strawberry,Lateritic
Kodaikanal,Avocado,Lateritic
Kodaikanal,Tea,Lateritic
Kodaikanal,Ginger,Lateritic
